taxID	FSLB_count	GP143_count	GP157_count	GPR1_count	Galpha_count	Gbeta_count	Ggamma_count	Mth_count	Nematode_count	Olfactory_count	RBP1_count	STE2_count	STE3_count	TBP_count	Vomeronasal1_count	Vomeronasal2_count	cAMP_count	classA_count	classB1_count	classB2_count	classC_count	classF_count	classT_count
100035	2	0	0	4	5	1	1	0	0	0	3	1	1	4	0	0	1	0	0	0	0	0	0
1000413	0	0	0	0	1	1	4	0	0	0	6	0	0	3	0	0	1	0	0	0	1	0	0
1001832	1	0	0	2	3	1	1	0	0	0	3	1	1	1	0	0	2	0	0	0	0	0	0
1001833	1	0	0	2	4	1	1	0	0	0	3	1	1	1	0	0	2	0	0	0	0	0	0
1001938	1	0	0	2	4	1	1	0	0	0	3	1	1	1	0	0	2	0	0	0	0	0	0
10020	0	0	1	0	17	5	18	0	0	922	3	0	0	3	40	107	0	278	14	30	29	11	22
10029	0	1	1	0	21	5	14	0	0	770	3	0	0	2	8	18	0	249	15	24	33	9	10
10036	0	1	1	0	16	6	17	0	0	842	4	0	0	4	36	14	0	300	16	30	24	11	35
100452	0	0	1	0	21	3	3	14	0	0	4	0	0	2	0	0	1	589	27	17	28	9	0
100787	2	0	0	3	6	2	2	0	0	0	9	2	2	3	0	0	4	1	0	0	0	0	0
100819	0	1	1	0	14	4	12	0	0	27	2	0	0	3	0	0	0	272	17	21	18	11	2
100861	0	0	0	0	1	1	1	0	0	0	4	0	0	3	0	0	2	0	0	0	8	0	0
10090	0	1	1	0	16	5	18	0	0	1143	3	0	0	3	144	115	0	311	15	30	29	11	35
100902	1	0	0	4	3	1	1	0	0	0	3	1	1	1	0	0	5	0	0	0	0	0	0
100907	0	1	1	0	27	8	17	0	0	80	4	0	0	6	4	2	0	521	22	31	34	13	2
10103	0	1	1	0	18	5	20	0	0	997	3	0	0	4	69	55	0	295	15	27	32	11	30
1010633	0	0	0	0	3	2	7	0	0	0	12	0	0	5	0	0	0	0	0	0	0	0	0
101091	1	0	0	0	9	2	4	0	0	0	3	0	0	1	0	0	0	0	0	0	3	0	0
101097	6	0	0	0	8	2	2	0	0	0	3	0	0	1	0	0	0	0	0	0	2	0	0
101127	1	0	0	0	13	4	4	0	0	0	3	0	0	1	0	0	0	0	0	0	3	0	0
101142	2	0	0	0	11	3	2	0	0	0	3	0	0	1	0	0	0	0	0	0	7	0	0
10116	0	1	1	0	16	7	15	0	0	1146	3	0	0	3	61	62	0	295	15	30	26	11	36
101201	0	0	0	1	3	1	1	0	0	0	3	1	1	1	0	0	2	0	0	0	0	0	0
10141	0	1	1	0	18	5	18	0	0	744	3	0	0	3	3	38	0	275	16	29	22	10	18
10160	0	1	1	0	26	5	17	0	0	806	3	0	0	4	39	77	0	289	15	30	25	12	28
1016849	0	0	0	1	4	1	1	0	0	0	3	1	0	1	0	0	0	0	0	0	0	0	0
10181	0	1	1	0	17	8	15	0	0	1175	3	0	0	3	5	11	0	244	15	31	38	8	6
10195	0	0	0	0	10	2	6	7	0	0	3	0	0	4	0	0	0	187	7	5	8	2	0
10212	0	0	1	0	9	3	3	8	0	0	4	0	0	2	0	0	0	128	5	9	14	9	0
10228	0	0	0	0	8	3	2	0	0	0	3	0	0	2	0	0	2	399	5	56	76	2	0
102285	0	0	0	0	9	3	4	3	0	0	4	0	0	3	0	0	0	62	1	0	4	5	0
1026970	0	1	1	0	18	7	20	0	0	369	3	0	0	3	1	3	0	257	15	30	21	11	23
1028729	1	0	0	3	3	1	1	0	0	0	3	1	1	1	0	0	4	0	0	0	0	0	0
1033008	0	0	0	1	39	1	2	0	0	0	3	0	19	6	0	0	0	0	0	0	0	0	0
1033014	0	0	0	1	25	1	2	0	0	0	3	0	12	1	0	0	0	0	0	0	0	0	0
1033252	0	0	0	0	43	1	2	0	0	0	3	0	31	2	0	0	0	0	0	0	0	0	0
1033263	0	0	0	1	33	1	2	0	0	0	3	0	15	1	0	0	0	0	0	0	0	0	0
103349	0	0	0	0	1	1	2	0	0	0	9	0	0	1	0	0	1	0	0	0	0	0	0
103372	0	1	0	0	5	3	3	10	0	0	3	0	0	3	0	0	0	66	5	4	10	5	0
1035309	1	0	0	1	3	1	1	0	0	0	3	1	1	1	0	0	2	0	0	0	0	0	0
1036611	1	0	0	2	3	1	1	0	0	0	3	1	1	1	0	0	2	0	0	0	0	0	0
1036612	3	0	0	2	3	1	1	0	0	0	3	1	1	1	0	0	3	0	0	0	0	0	0
1036808	0	0	0	1	11	1	3	0	0	0	5	0	6	1	0	0	0	0	0	0	0	0	0
103695	0	1	1	0	16	5	15	0	0	200	3	0	0	3	1	85	0	318	18	23	28	11	13
103762	0	0	0	0	5	2	4	0	0	0	11	0	0	7	0	0	1	0	0	0	0	0	0
1037660	0	0	0	0	4	1	1	0	0	0	3	0	1	1	0	0	0	0	0	0	0	0	0
103775	0	0	0	0	8	3	4	9	0	0	4	0	0	5	0	0	0	72	5	4	9	5	0
103827	0	0	0	0	9	3	5	0	0	0	3	0	0	2	0	0	0	78	2	2	6	4	0
103954	0	1	1	0	8	4	10	0	0	60	2	0	0	3	0	0	0	225	15	9	13	9	2
103956	0	1	1	0	14	4	12	0	0	73	2	0	0	3	0	0	0	247	16	20	16	9	2
1041015	0	0	0	0	8	3	5	19	0	0	3	0	0	5	0	0	0	80	5	7	9	5	0
1042133	0	0	0	2	6	1	1	0	0	0	3	1	1	1	0	0	3	0	0	0	0	0	0
1042311	1	0	0	1	3	1	1	0	0	0	3	1	1	2	0	0	4	0	0	0	0	0	0
104259	1	0	0	1	3	1	1	0	0	0	3	1	1	1	0	0	1	0	0	0	0	0	0
1043002	3	0	0	3	3	1	1	0	0	0	3	1	1	1	0	0	0	0	0	0	0	0	0
1043003	3	0	0	4	3	1	1	0	0	0	3	1	1	1	0	0	0	0	0	0	0	0	0
1043004	3	0	0	3	3	1	1	0	0	0	3	1	1	1	0	0	0	0	0	0	0	0	0
1043005	3	0	0	3	3	1	1	0	0	0	3	1	1	1	0	0	0	0	0	0	0	0	0
104341	0	0	0	0	13	1	2	0	0	0	3	0	6	1	0	0	0	0	0	0	0	0	0
104408	0	0	0	1	3	1	1	0	0	0	3	0	2	1	0	0	0	2	0	0	0	0	0
104421	0	1	0	0	6	3	4	13	0	0	3	0	0	3	0	0	0	64	4	3	10	5	0
104452	0	1	0	0	6	3	2	3	0	0	3	0	0	4	0	0	0	97	6	4	8	6	0
1047168	4	0	0	4	3	1	1	0	0	0	3	1	1	2	0	0	0	0	0	0	0	0	0
104777	0	0	0	0	10	3	5	10	0	0	3	0	0	4	0	0	0	218	8	8	7	2	0
1048519	2	0	0	2	8	1	1	0	0	0	3	1	1	1	0	0	1	1	0	0	0	0	0
1048955	1	0	0	3	4	1	1	0	0	0	3	0	1	2	0	0	1	0	0	0	0	0	0
105023	0	1	1	0	25	8	22	0	0	60	2	0	0	4	4	50	0	416	23	34	34	13	1
1051890	1	0	0	1	3	1	1	0	0	0	3	1	2	1	0	0	1	0	0	0	0	0	0
1051891	0	0	0	6	22	4	1	0	0	0	4	0	4	1	0	0	0	0	0	0	0	0	0
1052685	0	0	0	0	14	1	2	0	0	0	3	0	5	1	0	0	0	0	0	0	0	0	0
1052879	0	0	0	0	2	1	1	0	0	0	5	0	0	1	0	0	0	0	0	0	11	0	0
1052880	0	0	0	0	2	1	1	0	0	0	4	0	0	1	0	0	0	0	0	0	8	0	0
1053134	1	0	0	3	4	1	1	0	0	0	3	1	1	1	0	0	2	0	0	0	0	0	0
105351	1	0	0	2	3	1	1	0	0	0	3	1	1	1	0	0	0	0	0	0	0	0	0
105696	1	0	0	4	5	1	1	0	0	0	3	1	1	1	0	0	0	0	0	0	0	0	0
105785	0	0	0	0	8	3	3	13	0	0	3	0	0	3	0	0	0	108	9	7	10	5	0
105984	0	0	0	2	3	1	2	0	0	0	3	0	1	1	0	0	0	0	0	0	0	0	0
106004	0	0	0	3	10	1	1	0	0	0	3	0	1	1	0	0	0	0	0	0	0	0	0
106335	0	0	0	0	7	4	10	0	0	0	11	0	0	9	0	0	2	0	0	0	0	0	0
106549	0	0	0	0	2	1	6	0	0	0	9	0	0	6	0	0	1	0	0	0	0	0	0
106582	0	1	1	0	27	8	24	0	0	131	3	0	0	4	4	67	1	626	27	44	42	14	0
106734	0	1	1	0	18	6	16	0	0	264	3	0	0	3	1	0	0	343	18	30	21	8	10
1069201	1	0	0	4	3	1	1	0	0	0	3	1	1	1	0	0	0	0	0	0	0	0	0
1069680	0	0	0	0	2	1	1	0	0	0	3	1	1	1	0	0	0	0	0	0	0	0	0
1071378	0	0	0	1	2	1	1	0	0	0	3	1	1	1	0	0	0	0	0	0	0	0	0
1071380	0	0	0	1	2	1	1	0	0	0	3	1	1	1	0	0	0	0	0	0	0	0	0
1071381	0	0	0	1	2	1	1	0	0	0	3	1	1	1	0	0	0	0	0	0	0	0	0
1071382	0	0	0	1	2	1	1	0	0	0	3	1	1	1	0	0	0	0	0	0	0	0	0
1071383	0	0	0	1	2	1	1	0	0	0	3	1	1	1	0	0	0	0	0	0	0	0	0
107208	0	1	1	0	12	4	11	0	0	15	2	0	0	3	0	0	0	238	16	16	16	11	3
1072105	0	0	0	1	2	1	1	0	0	0	3	1	1	1	0	0	0	0	0	0	0	0	0
107213	0	1	0	0	7	3	2	10	0	0	4	0	0	3	0	0	0	52	7	3	7	4	0
1072389	1	0	0	2	3	1	1	0	0	0	3	1	1	1	0	0	2	0	0	0	0	0	0
1073089	2	0	0	2	4	1	1	0	0	0	3	1	1	1	0	0	2	0	0	0	0	0	0
1073090	1	0	0	0	3	1	1	0	0	0	3	1	1	2	0	0	0	0	0	0	0	0	0
1076256	0	0	0	6	21	1	2	0	0	0	3	0	6	2	0	0	0	0	0	0	0	0	0
1077348	0	0	0	0	15	1	1	0	0	0	5	0	7	1	0	0	0	0	0	0	0	0	0
1079267	1	0	0	4	4	1	1	0	0	0	3	1	1	1	0	0	5	0	0	0	0	0	0
108018	1	0	0	6	3	1	1	0	0	0	3	1	1	1	0	0	2	0	0	0	0	0	0
1080233	3	0	0	4	3	1	1	0	0	0	3	1	1	1	0	0	0	0	0	0	0	0	0
1081102	1	0	0	1	3	1	1	0	0	0	3	1	1	2	0	0	3	0	0	0	0	0	0
1081103	1	0	0	1	4	1	1	0	0	0	4	1	1	1	0	0	5	0	0	0	0	0	0
1081104	1	0	0	1	3	1	1	0	0	0	3	1	1	1	0	0	1	0	0	0	0	0	0
1081108	1	0	0	0	3	1	1	0	0	0	3	1	1	1	0	0	1	0	0	0	0	0	0
1081109	0	0	0	1	3	1	1	0	0	0	3	1	1	1	0	0	2	0	0	0	0	0	0
1081914	0	0	0	2	3	1	1	0	0	0	3	1	1	2	0	0	1	0	0	0	0	0	0
108875	0	0	0	0	1	1	3	0	0	0	3	0	0	4	0	0	1	0	0	0	0	0	0
1089458	1	0	0	3	6	1	1	0	0	0	3	1	1	1	0	0	7	0	0	0	0	0	0
1090488	0	1	1	0	29	8	16	0	0	11	4	0	0	5	2	6	1	326	21	31	35	7	1
109152	0	0	0	0	1	1	1	0	0	0	2	0	0	3	0	0	2	0	0	0	0	0	0
109264	1	0	0	2	4	1	1	0	0	0	3	1	1	1	0	0	1	0	0	0	0	0	0
109376	0	0	0	0	1	3	5	0	0	0	9	0	0	9	0	0	1	0	0	0	0	0	0
1093897	1	0	0	3	3	1	1	0	0	0	3	1	1	1	0	0	3	0	0	0	0	0	0
1093900	1	0	0	4	3	1	1	0	0	0	3	1	1	1	0	0	1	0	0	0	0	0	0
1094350	1	0	0	1	3	1	1	0	0	0	3	1	1	1	0	0	0	0	0	0	0	0	0
109461	0	0	0	0	7	3	3	4	0	0	3	0	0	3	0	0	0	64	15	4	9	4	0
1094619	0	0	0	0	1	1	1	0	0	0	3	0	0	3	0	0	5	0	0	0	5	0	0
109478	0	1	0	0	15	6	12	0	0	379	3	0	0	4	0	0	0	201	13	25	17	8	13
1095194	1	0	0	5	4	1	1	0	0	0	3	1	1	1	0	0	2	0	0	0	0	0	0
1095629	0	0	0	0	17	1	2	0	0	0	3	0	10	1	0	0	0	2	0	0	0	0	0
1095630	1	0	0	3	4	1	1	0	0	0	3	1	1	1	0	0	3	0	0	0	0	0	0
109634	0	0	0	0	24	1	2	0	0	0	4	0	7	1	0	0	0	0	0	0	0	0	0
109636	0	0	0	0	19	1	2	0	0	0	3	0	7	1	0	0	0	0	0	0	0	0	0
109894	2	0	0	0	8	1	2	0	0	0	3	0	0	1	0	0	2	7	0	0	16	0	0
109895	3	0	0	0	5	1	2	0	0	0	4	0	0	1	0	0	3	1	0	0	12	0	0
1101274	0	0	0	4	5	1	1	0	0	0	3	1	1	1	0	0	4	0	0	0	0	0	0
1104152	0	0	0	0	2	1	1	0	0	0	3	0	1	1	0	0	1	0	0	0	0	0	0
110450	0	0	0	0	2	1	1	0	0	0	6	0	0	3	0	0	1	0	0	0	0	0	0
1105319	1	0	0	0	6	1	1	0	0	0	3	1	1	1	0	0	1	0	0	0	0	0	0
110676	0	1	1	0	15	4	9	0	0	87	2	0	0	3	0	0	0	251	17	23	18	10	1
110799	0	1	0	0	6	3	4	11	0	0	3	0	0	3	0	0	0	76	6	4	9	6	0
1108050	0	0	0	3	8	1	1	0	0	0	4	0	2	1	0	0	0	0	0	0	0	0	0
1109041	0	1	1	0	15	4	12	0	0	24	2	0	0	3	0	0	0	249	17	21	17	10	2
1109443	0	0	0	5	20	1	3	0	0	0	3	0	7	1	0	0	0	0	0	0	0	0	0
111012	2	0	0	4	3	1	1	0	0	0	3	1	1	1	0	0	0	0	0	0	0	0	0
1111077	1	0	0	1	3	1	1	0	0	0	3	1	1	1	0	0	1	0	0	0	0	0	0
111463	1	0	0	3	4	1	1	0	0	0	4	1	1	1	0	0	2	0	0	0	0	0	0
1116229	1	0	0	3	4	1	1	0	0	0	3	1	1	1	0	0	2	0	0	0	0	0	0
1117310	3	0	0	1	4	1	1	0	0	0	3	0	1	1	0	0	0	0	0	0	0	0	0
1117311	3	0	0	1	4	1	2	0	0	0	9	0	1	1	0	0	0	0	0	0	0	0	0
1118519	0	1	1	0	16	5	12	0	0	44	2	0	0	3	0	0	0	244	15	20	17	10	4
1118524	0	1	1	0	15	4	9	0	0	60	2	0	0	3	0	0	0	259	17	17	16	11	2
1118560	0	1	1	0	14	4	12	0	0	24	1	0	0	3	0	0	0	235	17	15	13	10	9
1118748	0	1	1	0	14	4	9	0	0	57	1	0	0	3	0	0	0	261	17	16	15	11	1
1118817	0	1	1	0	14	4	11	0	0	47	1	0	0	3	0	0	0	247	15	21	15	11	2
112253	0	0	0	0	4	1	1	0	0	0	12	0	0	3	0	0	1	0	0	0	0	0	0
112416	1	0	0	1	5	1	1	0	0	0	2	1	1	2	0	0	3	0	0	0	0	0	0
112498	4	0	0	3	3	1	1	0	0	0	3	1	1	2	0	0	0	0	0	0	0	0	0
112525	0	0	3	0	11	3	2	18	0	0	3	0	0	2	0	1	1	743	17	20	29	5	0
1126212	3	0	0	5	3	1	1	0	0	0	3	1	1	1	0	0	5	0	0	0	0	0	0
1126814	0	0	0	0	2	1	1	0	0	0	3	0	0	1	0	0	0	0	0	0	8	0	0
113115	0	1	1	0	14	4	12	0	0	9	3	0	0	3	0	0	0	243	16	17	16	11	0
1131564	1	0	0	3	4	1	1	0	0	0	4	1	1	1	0	0	3	0	0	0	0	0	0
1131581	1	0	0	2	3	1	1	0	0	0	3	1	1	1	0	0	6	0	0	0	0	0	0
1131652	4	0	0	4	4	1	1	0	0	0	3	1	1	1	0	0	5	0	0	0	0	0	0
1132637	1	0	0	3	3	1	1	0	0	0	3	1	1	1	0	0	1	0	0	0	0	0	0
113540	0	2	1	0	28	10	20	0	0	29	3	0	0	3	8	12	0	482	23	46	34	16	2
1137138	0	0	0	6	14	1	2	0	0	0	4	0	10	1	0	0	0	0	0	0	0	0	0
1137211	1	0	0	3	3	1	1	0	0	0	3	1	1	1	0	0	0	0	0	0	0	0	0
1141098	1	0	0	7	4	1	1	0	0	0	3	0	1	2	0	0	2	0	0	0	0	0	0
114155	0	0	0	0	15	1	2	0	0	0	3	0	8	1	0	0	0	0	0	0	0	0	0
114276	0	1	1	0	14	4	11	0	0	29	2	0	0	3	0	0	0	240	15	14	13	11	1
114331	0	1	1	0	13	4	11	0	0	30	2	0	0	2	0	0	0	249	15	16	17	10	6
114369	0	1	1	0	15	4	12	0	0	28	1	0	0	2	0	0	0	241	14	17	17	10	5
114742	0	0	0	0	2	1	1	0	0	0	3	0	0	4	0	0	4	0	0	0	6	0	0
1149755	1	0	0	7	5	1	1	0	0	0	3	1	0	1	0	0	3	0	0	0	0	0	0
1150837	1	0	0	4	5	1	1	0	0	0	3	1	1	1	0	0	1	0	0	0	0	0	0
1151754	0	0	0	0	4	1	1	0	0	0	3	0	1	1	0	0	0	0	0	0	0	0	0
115618	0	1	1	0	12	5	7	0	0	51	1	0	0	3	0	0	0	218	15	17	13	8	1
1156394	0	0	0	0	1	1	1	0	0	0	3	0	0	3	0	0	2	0	0	0	4	0	0
1157616	4	0	0	4	5	2	1	0	0	0	7	2	2	3	0	0	0	0	0	0	0	0	0
1159556	1	0	0	2	3	1	1	0	0	0	3	1	1	1	0	0	1	0	0	0	0	0	0
1160497	1	0	0	0	3	1	1	0	0	0	3	1	1	1	0	0	3	0	0	0	0	0	0
1160509	1	0	0	1	5	1	1	0	0	0	3	1	0	1	0	0	1	0	0	0	0	0	0
1160851	0	1	1	0	16	4	11	0	0	24	1	0	0	3	0	0	0	240	15	17	16	8	2
1160894	0	1	1	0	14	4	12	0	0	25	1	0	0	3	0	0	0	242	15	17	16	10	7
1163406	1	0	0	2	3	1	1	0	0	0	4	1	1	1	0	0	2	0	0	0	0	0	0
1165861	0	0	0	3	5	1	1	0	0	0	5	0	3	1	0	0	0	0	0	0	0	0	0
116603	0	0	0	1	11	1	2	0	0	0	3	0	5	1	0	0	0	0	0	0	0	0	0
1168221	2	0	0	1	3	1	1	0	0	0	4	1	1	2	0	0	1	0	0	0	0	0	0
1168544	1	0	0	3	4	1	1	0	0	0	3	1	1	1	0	0	1	0	0	0	0	0	0
1168545	1	0	0	5	6	1	1	0	0	0	3	1	1	1	0	0	1	0	0	0	0	0	0
1168546	2	0	0	6	2	1	1	0	0	0	3	1	1	1	0	0	0	0	0	0	0	0	0
116970	1	0	0	2	3	1	1	0	0	0	3	1	1	1	0	0	1	0	0	0	0	0	0
117010	0	0	0	0	19	1	1	0	0	0	3	0	7	1	0	0	0	0	0	0	0	0	0
1170229	0	0	0	1	4	1	1	0	0	0	3	1	1	1	0	0	0	0	0	0	0	0	0
1170767	1	0	0	3	3	1	1	0	0	0	3	1	1	2	0	0	3	0	0	0	0	0	0
117165	0	1	1	0	9	4	10	0	0	30	2	0	0	3	0	0	0	246	17	15	16	11	6
1173701	0	0	0	7	3	1	1	0	0	0	3	0	1	2	0	0	2	0	0	0	0	0	0
1176127	2	0	0	3	4	1	1	0	0	0	3	1	1	1	0	0	1	0	0	0	0	0	0
1176131	2	0	0	2	3	1	1	0	0	0	3	1	1	3	0	0	1	0	0	0	0	0	0
117903	0	0	0	0	14	4	1	0	0	0	8	0	0	3	0	0	0	75	0	0	3	4	0
118154	0	1	1	0	33	9	22	0	0	32	4	0	0	3	9	8	1	385	23	50	35	12	1
118183	0	1	1	0	15	5	8	0	0	69	2	0	0	3	0	0	0	257	18	21	17	9	2
118200	0	1	0	0	13	3	12	0	0	35	2	0	0	3	0	0	0	192	13	18	13	11	3
1182541	1	0	0	1	3	1	1	0	0	0	3	1	1	1	0	0	0	0	0	0	0	0	0
1182542	1	0	0	1	3	1	1	0	0	0	3	1	1	1	0	0	0	0	0	0	0	0	0
1182543	1	0	0	2	5	1	1	0	0	0	3	1	1	1	0	0	2	0	0	0	0	0	0
1182544	1	0	0	2	5	1	1	0	0	0	3	1	1	1	0	0	1	0	0	0	0	0	0
1182545	1	0	0	2	7	1	1	0	0	0	3	1	1	1	0	0	2	0	0	0	0	0	0
118357	0	0	0	0	1	2	2	0	0	0	6	0	0	2	0	0	1	0	0	0	0	0	0
118781	0	0	0	0	4	3	9	0	0	0	8	0	0	3	0	0	0	0	0	0	0	0	0
1187904	1	0	0	3	4	1	1	0	0	0	3	1	1	1	0	0	1	0	0	0	0	0	0
118793	0	1	1	0	12	5	11	0	0	89	2	0	0	3	0	0	0	261	16	20	17	10	1
118797	0	1	1	0	16	5	14	0	0	25	3	0	0	3	0	0	0	259	15	30	19	12	1
1191159	0	0	0	8	3	1	1	0	0	0	2	1	1	1	0	0	3	0	0	0	0	0	0
1194566	1	0	0	1	3	1	1	0	0	0	3	1	1	1	0	0	3	0	0	0	0	0	0
1194695	0	0	0	0	1	1	5	0	0	0	6	0	0	1	0	0	1	0	0	0	1	0	0
1195481	2	0	0	0	12	4	3	0	0	0	4	0	0	2	0	0	0	0	0	0	4	0	0
1196081	1	0	0	2	3	1	1	0	0	0	3	1	1	1	0	0	1	0	0	0	0	0	0
1196302	0	1	1	0	15	4	12	0	0	29	2	0	0	3	0	0	0	246	15	14	16	10	5
1198029	1	0	0	0	3	1	1	0	0	0	3	4	1	1	0	0	0	0	0	0	0	0	0
119953	1	0	0	3	4	1	1	0	0	0	3	1	1	1	0	0	1	0	0	0	0	0	0
1202772	0	0	0	0	1	1	1	0	0	0	3	0	0	3	0	0	3	0	0	0	3	0	0
120398	0	0	0	0	1	1	1	0	0	0	3	0	0	3	0	0	2	0	0	0	16	0	0
1206466	0	0	0	2	2	1	1	0	0	0	3	1	1	1	0	0	0	0	0	0	0	0	0
1208366	0	0	0	4	3	1	1	0	0	0	3	1	1	1	0	0	2	0	0	0	0	0	0
1209917	1	0	0	4	4	1	1	0	0	0	3	0	0	1	0	0	2	0	0	0	0	0	0
1209918	1	0	0	5	3	1	1	0	0	0	3	1	0	1	0	0	2	0	0	0	0	0	0
1209926	1	0	0	5	3	1	1	0	0	0	3	1	1	1	0	0	2	0	0	0	0	0	0
1209931	1	0	0	3	3	1	1	0	0	0	3	1	0	1	0	0	1	0	0	0	0	0	0
1209932	1	0	0	5	3	1	1	0	0	0	3	0	0	1	0	0	2	0	0	0	0	0	0
121224	0	1	0	0	6	5	3	8	0	0	3	0	0	3	0	0	0	74	5	4	8	6	0
1213857	1	0	0	4	3	1	1	0	0	0	3	0	1	1	0	0	2	0	0	0	0	0	0
1213859	1	0	0	8	3	1	1	0	0	0	3	1	1	1	0	0	2	0	0	0	0	0	0
1213867	1	0	0	0	7	1	2	0	0	0	3	0	1	1	0	0	0	0	0	0	0	0	0
121402	0	1	1	0	26	8	22	0	0	2	3	0	0	3	2	1	0	400	22	34	22	11	0
1214568	1	0	0	6	6	1	1	0	0	0	3	1	1	1	0	0	2	0	0	0	0	0	0
1214573	1	0	0	4	3	1	1	0	0	0	3	1	1	1	0	0	0	0	0	0	0	0	0
1215338	0	0	0	2	3	1	1	0	0	0	3	1	1	1	0	0	1	0	0	0	0	0	0
121627	2	0	0	2	5	1	1	0	0	0	3	1	1	1	0	0	3	0	0	0	0	0	0
1216348	1	0	0	7	3	1	1	0	0	0	3	0	1	1	0	0	2	0	0	0	0	0	0
121845	0	2	0	0	6	6	4	9	0	0	5	0	0	4	0	0	0	101	4	4	14	6	0
1218682	0	1	1	0	13	5	7	0	0	27	2	0	0	3	0	0	0	228	17	11	14	9	2
1220162	0	0	0	1	3	1	1	0	0	0	5	0	1	1	0	0	0	0	0	0	0	0	0
1220188	0	0	0	0	2	1	1	0	0	0	3	1	1	1	0	0	1	0	0	0	0	0	0
1220207	2	0	0	2	3	1	1	0	0	0	3	1	1	1	0	0	2	0	0	0	0	0	0
1220523	0	1	1	0	14	4	9	0	0	30	3	0	0	3	0	0	0	240	16	17	16	9	11
1220924	1	0	0	2	4	1	1	0	0	0	3	1	1	1	0	0	1	0	0	0	0	0	0
1220926	2	0	0	0	12	3	4	0	0	0	3	0	0	2	0	0	0	0	0	0	5	0	0
1226010	1	0	0	1	4	1	1	0	0	0	3	1	1	1	0	0	1	0	0	0	0	0	0
1227364	0	0	0	1	2	1	1	0	0	0	3	1	1	1	0	0	0	0	0	0	0	0	0
1229662	1	0	0	4	6	1	1	0	0	0	3	1	0	1	0	0	2	0	0	0	0	0	0
1229664	1	0	0	4	6	1	1	0	0	0	3	1	1	1	0	0	3	0	0	0	0	0	0
1230097	1	0	0	1	3	1	1	0	0	0	3	1	1	1	0	0	2	0	0	0	0	0	0
1230840	0	1	1	0	16	5	9	0	0	1206	3	0	0	3	8	1	0	282	15	33	23	11	19
1230905	0	0	0	1	2	1	1	0	0	0	3	1	1	1	0	0	0	0	0	0	0	0	0
1232801	0	2	0	0	6	4	5	21	0	0	3	0	0	4	0	0	0	197	12	7	13	9	0
1234261	0	0	0	0	10	3	12	3	0	0	4	0	0	3	0	0	0	460	6	6	18	4	0
123648	0	0	0	1	3	1	1	0	0	0	3	1	1	1	0	0	1	0	0	0	0	0	0
123683	0	1	1	0	23	6	14	0	0	17	2	0	0	4	5	4	1	333	21	39	34	13	1
1237068	1	0	0	3	4	1	1	0	0	0	5	1	1	1	0	0	2	0	0	0	0	0	0
1237075	0	0	0	2	4	1	1	0	0	0	3	1	1	1	0	0	1	0	0	0	0	0	0
1237896	1	0	0	7	3	1	1	0	0	0	3	1	1	1	0	0	2	0	0	0	0	0	0
123851	0	1	0	0	7	3	2	20	0	0	3	0	0	2	0	0	0	108	8	4	9	5	0
1245745	1	0	0	0	3	1	1	0	0	0	5	1	1	1	0	0	1	0	0	0	0	0	0
1245769	0	0	0	1	2	1	1	0	0	0	3	1	1	1	0	0	0	0	0	0	0	0	0
1246581	0	0	0	0	2	1	1	0	0	0	3	0	0	1	0	0	0	0	0	0	1	0	0
125297	0	1	1	0	15	4	9	0	0	20	1	0	0	3	0	0	0	243	17	10	14	11	1
1262450	1	0	0	0	3	1	1	0	0	0	3	1	1	2	0	0	3	0	0	0	0	0	0
1263082	1	0	0	0	11	5	2	0	0	0	3	0	0	2	0	0	0	0	0	0	3	0	0
126957	0	0	0	0	6	2	5	21	0	0	4	0	0	5	0	0	1	87	5	9	14	5	0
126998	1	0	0	1	3	1	1	0	0	0	3	1	1	1	0	0	1	0	0	0	0	0	0
127582	0	1	1	0	17	5	15	0	0	712	3	0	0	3	8	1	0	278	15	38	24	11	20
1276538	4	0	0	4	4	1	1	0	0	0	3	1	1	2	0	0	0	0	0	0	0	0	0
1279085	1	0	0	5	5	1	1	0	0	0	3	1	1	1	0	0	4	0	0	0	0	0	0
127929	0	1	1	0	15	4	8	0	0	23	1	0	0	3	0	0	0	232	15	14	15	10	4
1280837	0	0	0	1	4	1	1	0	0	0	3	0	2	1	0	0	0	0	0	0	0	0	0
1283841	1	0	0	3	4	1	1	0	0	0	3	1	1	1	0	0	1	0	0	0	0	0	0
128390	0	1	0	0	14	3	13	0	0	46	2	0	0	3	0	0	0	205	16	17	12	10	1
1284197	1	0	0	4	3	1	1	0	0	0	3	1	1	1	0	0	0	0	0	0	0	0	0
1286918	0	0	0	0	2	1	1	0	0	0	4	0	0	1	0	0	0	0	0	0	6	0	0
1286976	0	0	0	0	3	1	1	0	0	0	3	1	1	1	0	0	1	0	0	0	0	0	0
1287680	1	0	0	2	3	1	1	0	0	0	2	1	1	1	0	0	2	0	0	0	0	0	0
1287681	0	0	0	0	3	1	1	0	0	0	3	1	1	2	0	0	2	0	0	0	0	0	0
1287682	1	0	0	1	3	1	1	0	0	0	3	1	1	1	0	0	3	0	0	0	0	0	0
1291518	1	0	0	1	4	1	1	0	0	0	4	1	1	1	0	0	6	0	0	0	1	0	0
12930	0	2	1	0	16	4	11	0	0	62	3	0	0	3	0	0	0	260	17	17	19	12	1
129364	0	0	0	0	1	1	1	0	0	0	3	0	0	3	0	0	5	0	0	0	3	0	0
1293975	0	0	0	0	4	2	3	0	0	0	32	0	0	4	0	0	2	0	0	0	0	0	0
1295531	0	0	0	0	3	1	1	0	0	0	3	0	2	1	0	0	0	0	0	0	0	0	0
1295533	0	0	0	1	3	1	1	0	0	0	3	0	2	1	0	0	0	0	0	0	0	0	0
12957	0	1	0	0	5	3	4	10	0	0	3	0	0	3	0	0	0	65	5	3	9	6	0
1296096	0	0	0	1	3	1	2	0	0	0	3	0	2	1	0	0	0	0	0	0	0	0	0
1296100	0	0	0	2	3	1	2	0	0	0	3	0	2	1	0	0	0	0	0	0	0	0	0
1296110	0	0	0	0	3	1	2	0	0	0	3	0	1	1	0	0	0	1	0	0	0	0	0
1296120	0	0	0	1	3	1	1	0	0	0	3	0	1	1	0	0	0	0	0	0	0	0	0
1296121	0	0	0	2	3	1	2	0	0	0	3	0	2	1	0	0	0	0	0	0	0	0	0
1299270	0	0	0	0	2	1	1	0	0	0	3	0	0	1	0	0	0	0	0	0	0	0	0
1302712	2	0	0	2	4	1	1	0	0	0	3	1	2	1	0	0	1	0	0	0	0	0	0
1303443	2	0	0	3	7	1	1	0	0	0	3	1	1	1	0	0	1	0	0	0	0	0	0
1303715	0	0	0	2	4	1	1	0	0	0	4	1	1	1	0	0	3	0	0	0	0	0	0
1303716	1	0	0	0	3	1	1	0	0	0	3	1	1	1	0	0	2	0	0	0	0	0	0
130453	0	0	0	0	1	3	6	0	0	0	13	0	0	2	0	0	2	0	0	0	0	0	0
1305733	0	0	0	2	4	1	1	0	0	0	3	0	1	1	0	0	0	0	0	0	0	0	0
1305764	0	0	0	0	4	1	1	0	0	0	4	0	1	1	0	0	0	0	0	0	0	0	0
1306850	0	0	0	0	15	1	2	0	0	0	3	0	4	1	0	0	0	0	0	0	0	0	0
13146	0	1	1	0	16	4	13	0	0	81	3	0	0	3	0	0	0	290	18	22	16	10	2
1314669	1	0	0	2	3	1	1	0	0	0	3	1	1	1	0	0	0	0	0	0	0	0	0
1314670	1	0	0	5	4	1	1	0	0	0	3	1	1	1	0	0	1	0	0	0	0	0	0
1314672	0	0	0	2	13	1	2	0	0	0	3	0	187	1	0	0	0	1	0	0	0	0	0
1314674	0	0	0	1	15	1	2	0	0	0	3	0	7	1	0	0	0	1	0	0	0	0	0
1314678	1	0	0	0	9	2	4	0	0	0	3	0	0	1	0	0	0	0	0	0	4	0	0
1314771	8	0	0	0	8	2	4	0	0	0	4	0	0	1	0	0	0	0	0	0	5	0	0
1314773	1	0	0	1	3	1	1	0	0	0	3	1	1	1	0	0	1	0	0	0	0	0	0
1314776	0	0	0	12	12	1	1	0	0	0	3	0	9	1	0	0	0	1	0	0	0	0	0
1314777	0	0	0	8	11	1	1	0	0	0	3	0	10	1	0	0	0	2	0	0	0	0	0
1314778	0	0	0	0	18	1	2	0	0	0	4	0	5	1	0	0	0	0	0	0	0	0	0
1314779	2	0	0	4	5	1	1	0	0	0	3	1	1	1	0	0	1	0	0	0	0	0	0
1314780	2	0	0	1	3	1	2	0	0	0	3	1	0	8	0	0	0	0	0	0	0	0	0
1314781	0	0	0	12	9	1	1	0	0	0	3	0	6	5	0	0	0	0	0	0	0	0	0
1314782	0	0	0	0	14	1	2	0	0	0	3	0	7	2	0	0	0	0	0	0	0	0	0
1314783	0	0	0	0	14	1	2	0	0	0	3	0	7	1	0	0	0	0	0	0	0	0	0
1314785	0	0	0	1	14	1	2	0	0	0	3	0	2	1	0	0	0	0	0	0	0	0	0
1314786	2	0	0	1	3	1	1	0	0	0	3	1	1	1	0	0	0	0	0	0	0	0	0
1314787	2	0	0	4	3	1	1	0	0	0	4	1	1	2	0	0	1	0	0	0	0	0	0
1314788	2	0	0	4	5	1	1	0	0	0	3	1	1	1	0	0	1	0	0	0	0	0	0
1314790	0	0	0	0	21	4	9	0	0	0	5	0	0	1	0	0	5	1	0	0	0	0	0
1314800	0	0	0	0	13	1	2	0	0	0	8	0	7	2	0	0	0	1	0	0	0	0	0
1314801	2	0	0	3	4	1	1	0	0	0	3	1	1	1	0	0	1	0	0	0	0	0	0
1314802	2	0	0	5	5	1	1	0	0	0	3	1	1	1	0	0	1	0	0	0	0	0	0
1314807	0	0	0	0	20	1	2	0	0	0	4	0	8	3	0	0	0	0	0	0	0	0	0
1316785	1	0	0	2	3	1	1	0	0	0	3	1	0	1	0	0	1	0	0	0	0	0	0
1316786	1	0	0	3	4	1	1	0	0	0	3	1	1	1	0	0	2	0	0	0	0	0	0
1316788	1	0	0	2	4	1	1	0	0	0	3	1	1	1	0	0	2	0	0	0	0	0	0
1317064	0	0	0	0	1	1	1	0	0	0	4	0	0	3	0	0	3	0	0	0	2	0	0
1317065	0	0	0	0	1	1	1	0	0	0	5	0	0	3	0	0	3	0	0	0	4	0	0
132259	1	0	0	0	4	1	1	0	0	0	3	1	1	1	0	0	1	0	0	0	0	0	0
132261	0	0	0	0	1	2	4	0	0	0	9	0	0	3	0	0	1	0	0	0	0	0	0
1323832	0	1	1	0	15	4	11	0	0	44	3	0	0	3	0	0	0	251	16	17	14	9	1
13245	0	1	1	0	13	5	10	0	0	20	2	0	0	3	0	0	0	232	16	11	16	7	0
1324776	1	0	0	2	3	1	1	0	0	0	3	1	1	1	0	0	1	0	0	0	0	0	0
13249	0	1	0	0	5	2	3	6	0	0	3	0	0	2	0	0	0	74	6	3	11	5	0
1325293	0	0	0	1	31	1	2	0	0	0	7	0	13	1	0	0	0	0	0	0	0	0	0
1325734	1	0	0	4	4	1	1	0	0	0	3	1	1	1	0	0	2	0	0	0	0	0	0
1325737	1	0	0	6	4	1	1	0	0	0	3	1	1	1	0	0	2	0	0	0	0	0	0
132585	0	1	1	0	16	4	12	0	0	59	2	0	0	3	0	0	0	278	17	23	19	9	3
1328070	0	1	1	0	16	5	18	0	0	565	3	0	0	3	18	1	0	268	15	31	22	10	23
1328754	0	0	0	0	14	1	2	0	0	0	7	0	7	1	0	0	0	0	0	0	0	0	0
1328759	0	0	0	0	15	1	2	0	0	0	3	0	6	1	0	0	0	0	0	0	0	0	0
1328760	1	0	0	1	3	1	1	0	0	0	3	1	1	1	0	0	0	0	0	0	0	0	0
132908	0	1	1	0	19	5	17	0	0	624	3	0	0	3	0	0	0	288	15	32	23	11	19
13291	0	0	0	1	4	1	1	0	0	0	3	0	1	2	0	0	0	0	0	0	0	0	0
1330018	0	0	0	0	5	1	1	0	0	0	3	0	1	1	0	0	0	0	0	0	0	0	0
1330021	1	0	0	2	3	1	1	0	0	0	3	1	1	1	0	0	2	0	0	0	0	0	0
1331196	0	0	0	2	3	1	2	0	0	0	3	0	2	1	0	0	0	0	0	0	0	0	0
13333	0	0	0	0	1	1	2	0	0	0	6	0	0	4	0	0	1	0	0	0	0	0	0
133381	0	0	0	0	3	1	2	0	0	0	3	0	0	1	0	0	0	0	0	0	0	0	0
133383	0	0	0	0	3	1	1	0	0	0	3	0	0	1	0	0	0	0	0	0	0	0	0
133385	0	0	0	0	3	2	1	0	0	0	3	0	0	1	0	0	0	0	0	0	0	0	0
133409	7	0	0	0	12	1	1	2	0	0	3	0	0	1	0	0	5	0	0	0	9	0	0
133412	0	0	0	0	4	3	2	0	0	0	3	0	0	1	0	0	0	0	0	0	0	0	0
133434	0	1	0	0	8	3	2	24	0	0	3	0	0	2	0	2	1	586	9	67	68	5	0
1336337	1	0	0	2	3	1	1	0	0	0	6	1	1	1	0	0	1	0	0	0	0	0	0
133901	0	1	0	0	5	3	3	10	0	0	4	0	0	3	0	0	0	109	5	5	18	6	0
1340428	2	0	0	3	4	1	1	0	0	0	3	1	1	1	0	0	1	0	0	0	0	0	0
1340429	2	0	0	0	8	3	4	0	0	0	3	0	0	1	0	0	0	0	0	0	3	0	0
1341132	1	0	0	2	3	1	1	0	0	0	3	1	1	1	0	0	0	0	0	0	0	0	0
1343610	5	0	0	0	4	2	2	0	0	0	3	0	0	1	0	0	0	0	0	0	4	0	0
13443	0	0	0	0	4	2	4	0	0	0	7	0	0	6	0	0	1	0	0	0	0	0	0
1346257	2	0	0	2	3	1	1	0	0	0	3	0	1	3	0	0	0	0	0	0	0	0	0
1347786	0	1	1	0	15	4	10	0	0	31	2	0	0	3	0	0	0	241	17	15	13	11	7
1348599	0	1	0	0	5	3	4	10	0	0	4	0	0	3	0	0	0	71	5	3	11	5	0
1348612	3	0	0	1	6	1	2	0	0	0	3	0	1	1	0	0	1	0	0	0	0	0	0
1348616	2	0	0	0	5	1	3	0	0	0	3	0	2	1	0	0	0	0	0	0	0	0	0
13489	0	1	0	0	24	7	19	0	0	103	3	0	0	4	3	49	0	501	26	39	40	14	3
135165	0	1	1	0	11	4	10	0	0	48	2	0	0	3	0	0	0	248	16	12	15	9	0
135168	0	1	1	0	12	4	13	0	0	27	3	0	0	3	0	0	0	243	13	17	18	11	4
135184	0	0	1	0	8	2	6	0	0	42	1	0	0	3	0	0	0	202	11	6	9	9	1
1352770	0	1	1	0	16	4	10	0	0	43	2	0	0	3	0	0	0	258	16	22	16	9	1
1353009	0	0	0	1	14	1	2	0	0	0	3	0	5	1	0	0	0	0	0	0	0	0	0
135441	0	1	1	0	14	4	8	0	0	24	2	0	0	3	0	0	0	243	16	14	15	10	3
1356009	1	0	0	1	3	1	1	0	0	0	3	1	1	1	0	0	1	0	0	0	0	0	0
135651	0	0	0	0	24	3	3	0	479	0	4	0	0	3	0	0	0	195	3	3	12	8	0
135972	0	1	1	0	11	4	8	0	0	23	3	0	0	3	0	0	0	238	15	9	13	10	6
136037	0	1	0	0	6	3	4	11	0	0	3	0	0	3	0	0	0	92	9	8	9	5	0
13616	0	1	1	0	16	5	15	0	0	975	3	0	0	3	79	77	0	314	15	28	22	11	20
1365484	0	0	0	0	4	1	1	0	0	0	3	1	1	1	0	0	2	0	0	0	0	0	0
13658	0	0	0	0	17	5	4	0	5	0	4	0	0	4	0	0	0	233	5	2	6	4	0
1365824	0	0	0	0	5	1	1	0	0	0	3	0	1	1	0	0	0	0	0	0	0	0	0
1367422	1	0	0	2	6	1	1	0	0	0	3	1	1	1	0	0	2	0	0	0	0	0	0
13706	2	0	0	0	11	4	4	0	0	0	3	0	0	1	0	0	0	0	0	0	4	0	0
137246	0	1	0	0	18	4	12	0	0	2	5	0	0	3	3	18	1	321	21	36	21	10	0
13735	0	2	1	0	16	5	8	0	0	299	4	0	0	3	1	1	0	318	17	38	19	8	0
137541	0	1	1	0	15	4	10	0	0	28	2	0	0	3	0	0	0	238	15	14	17	11	3
1378263	0	0	0	1	2	1	1	0	0	0	3	1	1	1	0	0	0	0	0	0	0	0	0
1378264	0	0	0	1	2	1	1	0	0	0	3	1	1	1	0	0	0	0	0	0	0	0	0
1380566	1	0	0	1	8	1	1	0	0	0	4	1	1	1	0	0	6	0	0	0	1	0	0
1381753	0	0	0	1	20	1	2	0	0	0	3	0	10	1	0	0	0	0	0	0	0	0	0
13818	0	0	0	0	1	2	1	0	0	0	8	0	0	4	0	0	1	0	0	0	2	0	0
1382522	0	0	0	1	2	1	1	0	0	0	3	1	1	1	0	0	0	0	0	0	0	0	0
138285	1	0	0	1	3	1	1	0	0	0	3	1	1	1	0	0	1	0	0	0	0	0	0
1388766	1	0	0	1	3	1	1	0	0	0	3	1	1	1	0	0	2	0	0	0	0	0	0
1389203	0	0	0	2	3	1	1	0	0	0	3	0	2	1	0	0	0	0	0	0	0	0	0
1391699	1	0	0	0	3	1	1	0	0	0	4	1	1	1	0	0	5	0	0	0	0	0	0
1391915	1	0	0	1	3	1	1	0	0	0	3	1	1	2	0	0	3	1	0	0	0	0	0
1392243	1	0	0	2	3	1	1	0	0	0	3	0	1	1	0	0	0	0	0	0	0	0	0
1392245	1	0	0	3	4	1	1	0	0	0	3	1	1	1	0	0	1	0	0	0	0	0	0
1392246	2	0	0	4	4	1	1	0	0	0	3	1	1	1	0	0	1	0	0	0	0	0	0
1392247	1	0	0	1	3	1	1	0	0	0	3	1	1	1	0	0	1	0	0	0	0	0	0
1392250	1	0	0	1	3	1	1	0	0	0	3	1	1	1	0	0	1	0	0	0	0	0	0
1392251	2	0	0	4	4	1	1	0	0	0	3	1	1	1	0	0	1	0	0	0	0	0	0
1392255	1	0	0	2	4	1	1	0	0	0	3	1	1	1	0	0	4	0	0	0	0	0	0
1395130	2	0	0	3	4	1	1	0	0	0	3	1	1	1	0	0	1	0	0	0	0	0	0
139825	0	0	0	1	13	1	2	0	0	0	3	0	7	1	0	0	0	0	0	0	0	0	0
1399860	1	0	0	2	3	1	1	0	0	0	3	1	1	1	0	0	2	0	0	0	0	0	0
1400762	0	0	0	0	18	1	2	0	0	0	3	0	9	1	0	0	0	0	0	0	0	0	0
1403190	1	0	0	1	4	1	1	0	0	0	3	1	1	1	0	0	0	0	0	0	0	0	0
1408157	1	0	0	3	3	1	1	0	0	0	3	1	1	1	0	0	4	0	0	0	0	0	0
1408161	1	0	0	4	4	1	1	0	0	0	3	1	2	1	0	0	1	0	0	0	0	0	0
1408163	0	0	0	0	3	1	1	0	0	0	3	1	0	1	0	0	2	0	0	0	0	0	0
1408657	0	0	0	0	2	1	1	0	0	0	3	1	1	1	0	0	0	0	0	0	0	0	0
1413687	0	0	0	0	2	1	5	0	0	0	4	0	0	2	0	0	1	0	0	0	0	0	0
1415580	0	1	1	0	14	6	13	0	0	772	3	0	0	3	9	226	1	363	19	27	27	12	19
141839	0	1	1	0	16	3	12	0	0	33	1	0	0	4	0	0	0	246	16	11	13	11	1
1420901	1	0	0	0	3	1	1	0	0	0	4	1	0	2	0	0	3	0	0	0	0	0	0
1420906	1	0	0	0	3	1	1	0	0	0	3	1	1	1	0	0	5	0	0	0	0	0	0
1420907	1	0	0	0	2	1	1	0	0	0	4	1	1	1	0	0	4	0	0	0	0	0	0
1420909	1	0	0	2	3	1	1	0	0	0	3	1	0	1	0	0	6	0	0	0	0	0	0
1420910	1	0	0	0	3	1	1	0	0	0	4	1	1	1	0	0	4	0	0	0	0	0	0
1420913	1	0	0	0	4	1	1	0	0	0	4	1	0	1	0	0	8	0	0	0	0	0	0
1420914	1	0	0	0	4	1	1	0	0	0	4	1	0	1	0	0	6	0	0	0	0	0	0
1420915	1	0	0	2	4	1	1	0	0	0	4	1	0	1	0	0	6	0	0	0	0	0	0
1423351	0	0	0	3	10	1	1	0	0	0	2	0	4	1	0	0	0	0	0	0	0	0	0
142471	0	1	1	0	13	5	9	0	0	70	2	0	0	3	0	0	0	234	14	13	15	10	3
1429867	1	0	0	1	4	1	1	0	0	0	3	1	1	1	0	0	3	0	0	0	0	0	0
1431903	0	1	0	0	7	3	2	9	0	0	3	0	0	3	0	0	0	85	8	8	12	6	0
1432307	0	0	0	2	3	1	1	0	0	0	3	1	1	1	0	0	2	0	0	0	0	0	0
143232	0	0	0	0	3	1	2	0	0	0	3	0	1	1	0	0	0	1	0	0	0	0	0
1433469	1	0	0	0	4	1	2	0	0	0	3	0	2	1	0	0	0	1	0	0	0	0	0
1435070	1	0	0	4	4	1	1	0	0	0	4	1	1	1	0	0	2	0	0	0	0	0	0
1437433	1	0	0	0	3	1	1	0	0	0	4	1	1	1	0	0	4	0	0	0	0	0	0
143900	0	1	0	0	35	9	26	0	0	15	3	0	0	4	3	8	1	534	23	40	36	14	5
143950	0	1	0	0	5	3	4	10	0	0	4	0	0	5	0	0	0	77	6	3	9	4	0
1440133	3	0	0	0	9	2	1	0	0	0	5	0	0	1	0	0	0	0	0	0	2	0	0
144034	0	1	0	0	5	3	4	14	0	0	3	0	0	3	0	0	0	64	5	3	10	5	0
1441469	0	0	0	0	4	1	1	0	0	0	3	1	1	1	0	0	1	0	0	0	0	0	0
144197	0	1	1	0	26	8	23	0	0	49	4	0	0	4	3	14	1	477	27	43	38	15	2
1442368	1	0	0	2	5	1	1	0	0	0	3	1	1	1	0	0	2	0	0	0	0	0	0
1442369	1	0	0	1	4	1	1	0	0	0	3	1	1	1	0	0	2	0	0	0	0	0	0
1442371	1	0	0	2	6	1	1	0	0	0	3	1	1	1	0	0	2	0	0	0	0	0	0
1442378	1	0	0	2	3	1	1	0	0	0	3	0	1	1	0	0	3	0	0	0	0	0	0
144406	0	1	0	0	6	3	3	7	0	0	3	0	0	3	0	0	0	68	4	4	10	4	0
144512	0	0	0	0	6	1	4	0	0	0	3	0	0	2	0	0	0	41	4	2	6	5	0
144530	2	0	0	0	4	1	1	0	0	0	4	0	2	1	0	0	0	1	0	0	0	0	0
144538	1	0	0	2	3	1	1	0	0	0	3	0	1	1	0	0	0	0	0	0	0	0	0
1445577	1	0	0	4	4	1	1	0	0	0	3	0	0	1	0	0	2	0	0	0	0	0	0
144679	2	0	0	4	4	1	1	0	0	0	6	0	1	1	0	0	0	1	0	0	0	0	0
1447872	1	0	0	2	3	1	1	0	0	0	3	1	1	1	0	0	1	0	0	0	0	0	0
1447875	1	0	0	1	3	1	1	0	0	0	3	1	1	1	0	0	0	0	0	0	0	0	0
1447883	1	0	0	1	3	1	1	0	0	0	3	1	1	1	0	0	0	0	0	0	0	0	0
1447943	2	0	0	4	5	1	1	0	0	0	3	1	1	1	0	0	1	0	0	0	0	0	0
1447944	0	0	0	1	28	1	2	0	0	0	10	0	11	2	0	0	0	0	0	0	0	0	0
1448308	2	0	0	5	5	1	1	0	0	0	3	1	1	1	0	0	1	0	0	0	0	0	0
1448309	0	0	0	0	9	1	1	0	0	0	4	0	3	1	0	0	0	3	0	0	0	0	0
1448315	1	0	0	2	4	1	1	0	0	0	3	1	1	1	0	0	1	0	0	0	0	0	0
1448316	1	0	0	3	3	1	1	0	0	0	3	1	1	1	0	0	0	0	0	0	0	0	0
1448318	1	0	0	3	3	1	1	0	0	0	3	1	1	1	0	0	0	0	0	1	0	0	0
1448320	1	0	0	2	3	1	1	0	0	0	3	1	1	1	0	0	0	0	0	0	0	0	0
1448321	1	0	0	2	3	1	1	0	0	0	3	1	1	1	0	0	0	0	0	0	0	0	0
1450172	2	0	0	4	4	1	1	0	0	0	3	1	1	1	0	0	1	0	0	0	0	0	0
1450535	1	0	0	3	3	1	1	0	0	0	3	1	1	1	0	0	0	0	0	0	0	0	0
1450536	0	0	0	4	15	1	1	0	0	0	3	0	5	1	0	0	0	0	0	0	0	0	0
1450537	1	0	0	2	3	1	1	0	0	0	3	1	1	1	0	0	1	0	0	0	0	0	0
1450538	1	0	0	2	4	1	1	0	0	0	3	1	1	1	0	0	1	0	0	0	0	0	0
1450539	1	0	0	3	5	1	1	0	0	0	3	1	1	1	0	0	1	0	0	0	0	0	0
145971	1	0	0	5	3	1	1	0	0	0	3	0	0	1	0	0	2	0	0	0	0	0	0
1460663	2	0	0	4	5	1	1	0	0	0	3	1	1	1	0	0	1	0	0	0	0	0	0
1463973	0	1	1	0	15	5	9	0	0	17	2	0	0	3	0	0	0	226	18	17	13	11	2
1469910	2	0	0	3	4	1	1	0	0	0	3	1	1	1	0	0	1	0	0	0	0	0	0
147472	0	0	0	1	2	1	1	0	0	0	5	0	0	1	0	0	0	0	0	0	7	0	0
147558	2	0	0	3	4	1	1	0	0	0	3	1	1	1	0	0	1	0	0	0	0	0	0
147567	2	0	0	3	5	1	1	0	0	0	3	1	1	2	0	0	1	0	0	0	0	0	0
147828	0	0	0	0	14	4	2	0	0	0	3	0	0	3	0	0	0	96	2	0	3	5	0
148305	1	0	0	5	5	1	1	0	0	0	3	1	1	1	0	0	2	0	0	0	0	0	0
148309	0	0	0	0	12	2	4	0	5	0	6	0	0	5	0	0	0	73	3	2	4	5	0
1485010	0	0	0	0	1	1	1	0	0	0	3	0	0	3	0	0	4	0	0	0	3	0	0
1485229	1	0	0	6	3	1	1	0	0	0	3	1	1	1	0	0	3	0	0	0	0	0	0
1486700	0	0	0	0	7	1	1	0	0	0	4	0	6	1	0	0	0	0	0	0	0	0	0
149040	1	0	0	6	4	1	1	0	0	0	3	1	1	1	0	0	4	0	0	0	0	0	0
150374	0	0	0	1	3	1	1	0	0	0	3	1	1	1	0	0	1	0	0	0	0	0	0
1503980	0	0	0	0	23	1	4	0	351	0	2	0	0	2	0	0	0	169	3	2	8	6	0
1504633	0	0	0	0	3	1	3	0	0	0	7	0	0	3	0	0	1	0	0	0	0	0	0
1504668	2	0	0	3	3	1	1	0	0	0	3	1	1	1	0	0	0	0	0	0	0	0	0
1506151	1	0	0	3	4	1	1	0	0	0	3	1	1	1	0	0	1	0	0	0	0	0	0
1506179	1	0	0	2	3	1	1	0	0	0	3	1	1	1	0	0	1	0	0	0	0	0	0
1507870	2	0	0	6	5	2	1	0	0	0	6	2	2	2	0	0	0	0	0	0	0	0	0
1509407	1	0	0	1	4	1	1	0	0	0	3	1	1	1	0	0	1	0	0	0	0	0	0
150966	0	0	0	0	1	1	2	0	0	0	5	0	0	2	0	0	1	0	0	0	0	0	0
1513339	1	0	0	3	4	1	1	0	0	0	3	1	1	1	0	0	1	0	0	0	0	0	0
151541	0	1	0	0	6	3	4	8	0	0	3	0	0	3	0	0	0	93	4	6	9	5	0
151549	0	0	0	0	8	3	2	15	0	0	3	0	0	3	0	0	0	111	1	6	10	9	0
1520584	0	0	0	0	2	1	2	0	0	0	5	0	0	1	0	0	0	0	0	0	1	0	0
1522189	0	0	0	1	4	1	1	0	0	0	3	0	1	1	0	0	0	0	0	0	0	0	0
152316	1	0	0	4	4	1	1	0	0	0	3	1	1	1	0	0	2	0	0	0	0	0	0
1524831	1	0	0	0	4	1	1	0	0	0	3	1	1	1	0	0	4	0	0	0	0	0	0
152965	0	0	0	0	18	1	1	0	0	0	3	0	21	2	0	0	0	0	0	0	0	0	0
1531966	1	0	0	3	4	1	1	0	0	0	3	1	1	1	0	0	1	0	0	0	0	0	0
1534307	0	1	1	0	28	8	21	0	0	0	3	0	0	4	2	0	1	281	13	43	34	14	0
153505	0	0	0	2	32	1	2	0	0	0	3	0	16	1	0	0	0	0	0	0	0	0	0
153643	0	1	1	0	15	4	11	0	0	48	1	0	0	3	0	0	0	248	15	16	17	10	1
15368	0	0	0	0	2	1	2	0	0	0	10	0	0	3	0	0	1	0	0	0	0	0	0
153913	0	0	0	4	21	1	2	0	0	0	3	0	8	1	0	0	0	0	0	0	0	0	0
153914	0	0	0	8	23	1	2	0	0	0	3	0	9	2	0	0	0	0	0	0	0	0	0
153919	0	0	0	0	16	1	2	0	0	0	3	0	7	1	0	0	0	0	0	0	0	0	0
153920	0	0	0	0	16	1	2	0	0	0	3	0	10	2	0	0	0	0	0	0	0	0	0
1540922	0	0	0	0	2	1	1	0	0	0	3	0	0	1	0	0	0	0	0	0	0	0	0
154538	0	0	0	0	15	1	2	0	0	0	3	0	6	1	0	0	0	0	0	0	0	0	0
155417	0	0	0	2	5	1	1	0	0	0	3	1	1	1	0	0	2	0	0	0	0	0	0
1555241	0	0	0	0	3	1	1	0	0	0	3	0	1	1	0	0	0	0	0	0	2	0	0
156170	0	1	1	0	15	4	11	0	0	34	2	0	0	3	0	0	0	243	16	19	16	10	5
156304	0	1	0	0	5	4	4	7	0	0	3	0	0	3	0	0	0	71	5	5	10	3	0
156561	0	1	1	0	12	3	8	0	0	28	1	0	0	3	0	0	0	227	17	13	13	11	2
156563	0	1	1	0	14	4	13	0	0	36	2	0	0	3	0	0	0	240	18	19	20	9	9
1567541	1	0	0	5	5	1	1	0	0	0	4	1	1	1	0	0	4	0	0	0	0	0	0
1569628	0	0	0	0	3	1	1	0	0	0	3	0	1	1	0	0	0	0	0	0	0	0	0
1571157	2	0	0	6	5	2	2	0	0	0	6	2	2	2	0	0	6	0	0	0	0	0	0
1572043	0	1	1	0	25	10	17	0	0	57	4	0	0	3	4	18	1	503	22	39	36	15	4
1576542	1	0	0	5	3	1	1	0	0	0	3	1	1	1	0	0	4	0	0	0	0	0	0
157739	0	0	0	0	2	1	4	0	0	0	4	0	0	1	0	0	1	0	0	0	0	0	0
158019	0	1	0	0	3	2	2	1	0	0	2	0	0	2	0	0	1	115	8	11	14	4	0
158046	0	0	0	0	3	1	1	0	0	0	3	1	0	1	0	0	1	0	0	0	0	0	0
158383	0	0	0	0	3	2	7	1	0	0	10	0	0	4	0	0	2	3	0	0	2	0	0
158441	0	0	0	0	8	3	2	24	0	0	5	0	0	9	0	0	0	159	7	8	9	2	0
158456	0	1	1	0	25	8	23	0	0	116	3	0	0	3	4	59	1	599	22	51	38	14	1
158607	1	0	0	7	3	1	1	0	0	0	3	1	1	1	0	0	2	0	0	0	0	0	0
1590841	0	0	0	0	1	3	6	0	0	0	7	0	0	5	0	0	1	0	0	0	1	0	0
1594786	0	1	1	0	24	9	9	0	0	0	3	0	0	3	0	13	1	228	22	43	25	5	0
159581	0	1	1	0	14	5	8	0	0	23	1	0	0	3	0	0	0	246	15	11	15	10	2
160324	1	0	0	6	7	1	1	0	0	0	3	1	1	1	0	0	0	0	0	0	0	0	0
1603295	2	0	0	8	2	1	1	0	0	0	3	1	1	1	0	0	0	0	0	0	0	0	0
1606541	0	0	1	0	6	1	1	0	0	0	3	0	0	1	0	0	4	5	0	0	15	0	0
1608454	0	1	2	0	51	17	43	0	0	99	5	0	0	6	5	57	0	947	44	72	70	24	4
161013	0	1	0	0	5	3	4	8	0	0	3	0	0	3	0	0	0	96	6	5	16	4	0
1611254	0	0	0	0	21	2	3	0	359	0	2	0	0	4	0	0	0	183	3	2	8	4	0
161649	0	1	1	0	13	5	8	0	0	27	3	0	0	3	0	0	0	234	16	7	14	12	4
161653	0	1	0	0	14	5	7	0	0	24	2	0	0	3	0	0	0	234	15	14	16	10	1
161662	3	0	0	4	3	1	1	0	0	0	3	1	1	1	0	0	0	0	0	0	0	0	0
161742	0	1	1	0	15	4	9	0	0	63	2	0	0	3	0	0	0	257	16	16	16	11	1
161767	0	1	1	0	26	8	22	0	0	53	4	0	0	4	4	23	1	473	25	35	36	14	3
1622147	1	0	0	3	4	1	1	0	0	0	4	1	1	1	0	0	6	0	0	0	0	0	0
1622149	1	0	0	0	4	1	1	0	0	0	3	1	1	1	0	0	6	0	0	0	0	0	0
1622150	1	0	0	0	4	1	1	0	0	0	4	1	1	1	0	0	5	0	0	0	0	0	0
1639000	0	0	0	2	3	1	2	0	0	0	3	0	2	1	0	0	0	0	0	0	0	0	0
1649241	1	0	0	1	4	1	1	0	0	0	4	1	1	1	0	0	4	0	0	0	1	0	0
165561	0	1	0	0	6	3	2	5	0	0	3	0	0	3	0	0	0	70	3	4	11	4	0
1658444	1	0	0	9	4	1	1	0	0	0	3	1	1	1	0	0	1	0	0	0	0	0	0
166010	0	0	0	0	18	4	2	0	184	0	3	0	0	4	0	0	0	169	3	1	7	4	0
166011	0	0	0	0	20	3	3	0	23	0	8	0	0	6	0	0	0	143	3	0	7	6	0
1661398	0	1	0	0	10	3	2	3	0	0	3	0	0	3	0	0	0	87	6	10	8	5	0
166423	0	1	0	0	5	3	4	7	0	0	3	0	0	2	0	0	0	72	6	3	10	3	0
1664694	1	0	0	1	4	1	1	0	0	0	3	1	1	1	0	0	1	0	0	0	0	0	0
1671311	1	0	0	5	3	1	1	0	0	0	3	0	0	1	0	0	2	0	0	0	0	0	0
167371	0	0	0	0	9	1	1	0	0	0	3	0	1	1	0	0	0	0	0	0	0	0	0
1682393	1	0	0	5	3	1	1	0	0	0	4	0	1	1	0	0	1	0	0	0	0	0	0
1684307	0	0	0	1	4	1	1	0	0	0	3	0	1	1	0	0	0	0	0	0	0	0	0
1685480	0	0	0	0	2	1	3	0	0	0	5	0	0	4	0	0	1	0	0	0	0	0	0
168575	0	0	0	0	1	1	3	0	0	0	15	0	0	2	0	0	1	0	0	0	0	0	0
169388	1	0	0	4	4	1	1	0	0	0	3	1	1	1	0	0	4	0	0	0	0	0	0
170446	0	0	0	9	12	2	1	0	0	0	5	0	16	2	0	0	0	0	0	0	0	0	0
1706337	0	1	1	0	15	5	17	0	0	107	3	0	0	3	0	0	0	263	15	25	22	11	6
1708541	0	0	0	0	3	1	1	0	0	0	3	0	0	1	0	0	0	0	0	0	0	0	0
1714386	0	0	1	0	5	1	1	0	0	0	4	0	0	1	0	0	3	3	0	0	10	0	0
171643	0	1	1	0	15	6	12	0	0	50	3	0	0	1	0	14	0	289	18	23	28	9	7
172689	0	1	1	0	15	4	11	0	0	61	1	0	0	3	0	0	0	247	15	17	17	10	1
172907	0	1	1	0	25	9	18	0	0	1	3	0	0	3	5	14	1	458	23	53	32	15	2
173218	1	0	0	1	3	1	1	0	0	0	3	1	1	1	0	0	4	0	0	0	0	0	0
173247	0	1	1	0	25	8	22	0	0	52	3	0	0	4	4	34	0	443	22	35	38	14	1
1734106	0	0	0	2	3	1	2	0	0	0	3	0	2	1	0	0	0	0	0	0	0	0	0
1738132	0	0	0	1	32	1	2	0	0	0	3	0	14	1	0	0	0	0	0	0	0	0	0
174260	0	1	4	0	7	2	4	23	0	1	3	0	0	2	0	0	2	1037	7	43	62	5	0
1745969	0	0	0	1	39	1	2	0	0	0	5	0	29	2	0	0	0	0	0	0	0	0	0
1746090	0	0	71	0	43	1	1	0	0	0	2	0	0	1	0	0	0	0	0	0	2	0	0
175120	0	1	0	0	15	4	11	0	0	27	1	0	0	3	0	0	0	247	17	11	16	10	2
175131	0	1	1	0	12	4	8	0	0	23	2	0	0	3	0	0	0	234	15	11	13	11	6
1754190	0	0	0	0	18	4	5	0	0	0	5	0	0	2	0	0	2	0	0	0	87	0	0
1754191	0	0	0	0	8	2	3	0	0	0	19	0	0	2	0	0	5	0	0	0	61	0	0
1754192	0	0	0	0	9	2	2	0	0	0	5	0	0	2	0	0	1	0	0	0	57	0	0
175529	0	1	1	0	15	4	11	0	0	57	1	0	0	3	0	0	0	238	17	17	13	10	1
175774	0	0	1	0	21	1	12	0	0	3	2	0	0	3	3	9	0	358	22	32	27	11	1
175788	0	1	1	0	25	8	14	0	0	0	3	0	0	3	4	9	1	374	25	45	28	10	2
175792	0	1	1	0	25	9	22	0	0	64	3	0	0	3	5	60	1	471	23	40	32	13	4
175797	0	1	0	0	25	9	19	0	0	34	3	0	0	4	5	18	1	428	25	46	30	13	8
1758121	0	1	1	0	14	2	6	0	0	72	1	0	0	3	0	0	0	265	15	16	18	8	2
175836	0	1	1	0	9	3	10	0	0	21	1	0	0	2	0	0	0	168	10	14	9	7	0
1759441	0	0	0	2	25	1	2	0	0	0	3	0	20	1	0	0	0	0	0	0	0	0	0
176039	0	1	1	0	12	4	12	0	0	32	2	0	0	3	0	0	0	235	12	14	16	9	1
176057	0	1	1	0	12	1	11	0	0	21	3	0	0	2	0	0	0	146	12	12	9	5	1
176275	1	0	0	0	4	1	1	0	0	0	3	1	1	1	0	0	1	0	0	0	0	0	0
1763456	1	0	0	2	3	1	1	0	0	0	3	0	1	1	0	0	2	0	0	0	0	0	0
176857	0	0	0	0	2	1	2	0	0	0	6	1	0	2	0	0	0	0	0	0	0	0	0
176938	0	1	1	0	13	4	8	0	0	27	2	0	0	3	0	0	0	211	16	18	13	10	1
176943	0	1	1	0	16	5	9	0	0	42	2	0	0	3	0	0	0	244	15	11	15	10	2
176946	0	1	1	0	20	5	14	0	0	619	4	0	0	3	1	213	0	303	19	26	40	11	2
1769908	1	0	0	3	5	1	1	0	0	0	3	1	1	1	0	0	1	0	0	0	0	0	0
177199	1	0	0	2	3	1	1	0	0	0	3	1	1	1	0	0	2	0	0	0	0	0	0
178035	0	0	0	0	5	3	3	7	0	0	3	0	0	3	0	0	0	65	4	3	9	3	0
178133	0	0	0	0	5	3	6	0	0	0	7	0	0	4	0	0	1	2	0	0	1	0	0
1789683	0	0	0	1	1	1	1	0	0	0	3	1	1	1	0	0	0	0	0	0	0	0	0
179855	0	0	0	2	18	1	2	0	0	0	8	0	8	1	0	0	0	0	0	0	0	0	0
179993	1	0	0	3	3	1	1	0	0	0	3	1	1	1	0	0	3	0	0	0	0	0	0
180088	0	0	0	0	15	1	2	0	0	0	13	0	5	1	0	0	0	0	0	0	0	0	0
1803374	2	0	0	0	4	1	2	0	0	0	3	0	1	1	0	0	0	0	0	0	0	0	0
1803897	0	0	0	4	3	1	1	0	0	0	3	1	1	1	0	0	3	0	0	0	0	0	0
180498	0	0	0	0	1	1	4	0	0	0	6	0	0	3	0	0	1	0	0	0	0	0	0
180675	0	0	0	0	2	4	7	0	0	0	10	0	0	5	0	0	2	0	0	0	2	0	0
1806994	0	0	0	1	4	1	1	0	0	0	3	0	0	1	0	0	2	1	0	0	0	0	0
1810919	2	0	0	2	4	1	1	0	0	0	3	1	1	1	0	0	1	0	0	0	0	0	0
181099	0	1	1	0	14	4	10	0	0	32	1	0	0	3	0	0	0	244	17	13	17	11	5
181124	0	0	0	0	22	1	2	0	0	0	5	0	6	1	0	0	0	0	0	0	0	0	0
1813822	1	0	0	2	5	1	1	0	0	0	3	0	1	1	0	0	2	0	0	0	0	0	0
181472	0	1	1	0	25	8	26	0	0	57	3	0	0	3	3	24	0	515	26	40	46	15	2
181606	0	0	0	0	5	1	4	0	0	0	3	0	0	2	0	0	0	41	4	2	7	5	0
181631	0	1	0	0	15	4	12	0	0	21	3	0	0	3	0	0	0	259	17	20	18	10	7
181762	0	0	0	0	21	1	2	0	0	0	3	0	10	1	0	0	0	0	0	0	0	0	0
181839	0	1	1	0	14	5	10	0	0	28	1	0	0	3	0	0	0	245	17	15	16	11	7
181874	0	0	0	2	14	1	1	0	0	0	3	0	5	1	0	0	0	0	0	0	0	0	0
1819745	0	0	0	0	5	2	1	0	0	0	3	0	0	2	0	0	0	31	0	0	6	2	0
1820382	0	1	0	0	5	2	5	12	0	0	5	0	0	2	0	0	0	123	6	9	16	3	0
182062	0	0	0	0	17	1	1	0	0	0	3	0	7	1	0	0	0	0	0	0	0	0	0
182096	1	0	0	1	3	1	1	0	0	0	3	1	1	1	0	0	2	0	0	0	0	0	0
1821822	0	0	0	0	1	1	1	0	0	0	3	0	2	1	0	0	0	0	0	0	0	0	0
1825666	1	0	0	1	3	1	1	0	0	0	2	1	1	1	0	0	2	0	0	0	0	0	0
1825980	0	1	1	0	17	6	15	0	0	413	2	0	0	3	2	1	0	337	19	31	22	11	11
182803	0	2	0	0	18	7	3	19	0	0	6	0	0	6	0	0	0	234	24	35	24	8	0
182897	0	1	1	0	12	4	11	0	0	25	1	0	0	3	0	0	0	242	16	14	16	10	6
183150	0	1	1	0	30	8	20	0	0	38	3	0	0	4	2	7	0	448	21	31	35	14	1
183268	0	0	0	0	4	4	9	0	0	0	14	0	0	4	0	0	4	0	0	0	0	0	0
183478	1	0	0	2	4	1	1	0	0	0	2	1	1	1	0	0	0	0	0	0	0	0	0
1835702	1	0	0	1	3	1	1	0	0	0	3	1	1	1	0	0	2	0	0	0	0	0	0
1836956	1	0	0	6	3	1	1	0	0	0	3	1	1	1	0	0	2	0	0	0	0	0	0
184061	1	0	0	1	6	1	1	0	0	0	3	1	1	1	0	0	2	0	0	0	0	0	0
1843537	0	1	0	0	8	2	2	21	0	0	8	0	0	4	0	0	0	133	7	14	14	5	0
1849047	1	0	0	6	3	1	1	0	0	0	3	1	1	1	0	0	1	0	0	0	0	0	0
184978	2	0	0	3	4	1	1	0	0	0	3	1	1	1	0	0	1	0	0	0	0	0	0
1851006	1	0	0	2	5	1	1	0	0	0	3	1	1	1	0	0	1	0	0	0	0	0	0
1854472	1	0	0	2	3	1	1	0	0	0	3	1	1	2	0	0	4	0	0	0	0	0	0
185453	0	1	1	0	16	5	12	0	0	1093	3	0	0	3	6	0	0	280	15	32	22	11	14
1858805	0	0	0	0	5	1	1	0	0	0	3	0	2	1	0	0	0	0	0	0	0	0	0
1868482	0	1	0	0	17	5	18	0	0	520	3	0	0	3	7	1	0	266	15	33	22	12	19
186990	0	1	1	0	17	5	14	0	0	376	3	0	0	3	1	1	0	284	16	33	23	10	20
187106	0	1	1	0	13	4	10	0	0	74	2	0	0	3	0	0	0	248	15	18	18	9	1
187451	0	1	1	0	12	4	8	0	0	34	1	0	0	3	0	0	0	236	17	15	14	10	6
1882269	1	0	0	0	3	1	1	0	0	0	4	0	1	1	0	0	3	0	0	0	0	0	0
1882483	0	0	0	1	3	1	1	0	0	0	3	0	1	1	0	0	0	0	0	0	0	0	0
1883078	0	0	0	0	12	1	2	0	0	0	3	0	5	1	0	0	0	0	0	0	0	0	0
188344	0	1	1	0	12	2	8	0	0	26	1	0	0	2	0	0	0	138	10	11	9	5	0
188379	0	1	0	0	14	2	10	0	0	124	2	0	0	2	0	0	0	160	14	16	13	7	1
1884261	0	0	0	0	14	1	1	0	0	0	3	0	7	1	0	0	0	0	0	0	0	0	0
188477	0	0	1	0	7	2	3	18	0	0	1	0	0	2	0	0	1	384	16	13	13	5	0
1890364	0	0	0	2	8	2	1	0	0	0	4	0	0	4	0	0	4	0	0	0	0	0	0
189055	1	0	0	0	3	1	1	0	0	0	3	1	1	1	0	0	2	0	0	0	0	0	0
1890683	0	0	0	2	3	1	2	0	0	0	3	0	2	1	0	0	0	0	0	0	0	0	0
189291	0	0	0	0	12	2	5	0	12	0	3	0	0	3	0	0	0	96	3	0	4	2	0
1896178	5	0	0	0	8	2	3	0	0	0	3	0	0	1	0	0	0	0	0	0	5	0	0
1896180	5	0	0	0	8	2	2	0	0	0	3	0	0	1	0	0	0	0	0	0	1	0	0
1896183	8	0	0	0	9	2	3	0	0	0	4	0	0	1	0	0	0	0	0	0	5	0	0
1896186	4	0	0	0	10	2	3	0	0	0	3	0	0	1	0	0	0	0	0	0	4	0	0
1896193	5	0	0	0	8	2	2	0	0	0	3	0	0	1	0	0	0	0	0	0	1	0	0
189913	0	1	0	0	5	2	3	11	0	0	2	0	0	2	0	0	0	89	2	5	8	5	0
190295	0	1	1	0	13	4	11	0	0	20	2	0	0	3	0	0	0	238	17	14	16	11	2
1912936	0	0	0	0	11	1	2	0	0	0	5	0	4	1	0	0	0	0	0	0	0	0	0
1912939	0	0	0	0	11	1	2	0	0	0	5	0	13	1	0	0	0	0	0	0	0	0	0
191816	0	2	1	0	15	6	14	0	0	851	3	0	0	3	15	0	0	240	14	32	23	8	11
192012	0	0	0	0	1	3	2	0	0	0	10	0	0	5	0	0	0	0	0	0	0	0	0
192524	0	0	0	0	13	1	1	0	0	0	3	0	4	1	0	0	0	0	0	0	0	0	0
1929756	0	0	0	6	20	1	2	0	0	0	2	0	10	1	0	0	0	0	0	0	0	0	0
1932322	1	0	0	3	5	1	1	0	0	0	3	1	1	1	0	0	1	0	0	0	0	0	0
1938954	0	0	0	0	4	1	1	0	0	0	3	0	1	1	0	0	0	0	0	0	2	0	0
1940300	0	0	0	1	13	1	2	0	0	0	3	0	6	1	0	0	0	0	0	0	0	0	0
194338	0	1	1	0	15	5	10	0	0	37	2	0	0	3	0	0	0	246	16	19	17	8	2
195108	1	0	0	4	4	1	1	0	0	0	3	1	1	1	0	0	2	0	0	0	0	0	0
1954250	1	0	0	3	5	1	1	0	0	0	3	1	1	2	0	0	4	0	0	0	0	0	0
1955775	1	0	0	2	3	1	1	0	0	0	3	1	1	1	0	0	1	0	0	0	0	0	0
195883	0	1	0	0	7	3	4	10	0	0	4	0	0	3	0	0	0	118	8	3	11	5	0
196109	1	0	0	6	3	1	1	0	0	0	3	0	1	1	0	0	1	0	0	0	0	0	0
1961834	0	1	1	0	13	5	10	0	0	41	1	0	0	3	0	0	0	232	15	13	16	8	0
1964551	1	0	0	2	3	1	1	0	0	0	3	1	1	1	0	0	2	0	0	0	0	0	0
1965070	0	0	0	0	9	3	4	17	0	0	4	0	0	7	0	0	0	199	6	7	17	4	0
1965284	0	0	0	2	3	1	1	0	0	0	3	0	1	1	0	0	0	0	0	0	0	0	0
197152	0	1	0	0	9	3	3	42	0	0	3	0	0	2	0	0	0	114	7	13	13	5	0
1973307	0	0	0	1	18	2	2	0	0	0	3	0	6	1	0	0	0	0	0	0	0	0	0
1974281	0	0	0	6	6	1	2	0	0	0	9	2	2	2	0	0	0	0	0	0	0	0	0
1979941	0	0	0	0	14	2	3	4	0	0	5	0	0	4	0	0	0	137	7	9	10	4	0
198940	0	1	1	0	14	5	9	0	0	28	1	0	0	3	0	0	0	246	13	17	15	9	4
200361	0	0	0	0	3	1	2	0	0	0	20	0	0	3	0	0	1	0	0	0	0	0	0
2004951	1	0	0	2	3	1	1	0	0	0	3	1	1	1	0	0	2	0	0	0	0	0	0
2004952	1	0	0	2	3	1	1	0	0	0	3	1	1	1	0	0	2	0	0	0	0	0	0
200917	0	1	0	0	6	3	4	8	0	0	4	0	0	4	0	0	0	92	3	5	12	4	0
2010991	1	0	0	5	4	1	1	0	0	0	3	0	1	1	0	0	2	0	0	0	0	0	0
2011161	0	0	0	0	52	3	9	0	8	0	7	0	0	4	0	0	0	663	10	35	17	4	0
201153	0	0	0	0	2	2	3	0	0	0	3	0	0	3	0	0	0	0	0	0	6	0	0
201217	0	0	0	1	16	1	1	0	0	0	3	0	6	2	0	0	0	0	0	0	0	0	0
201329	0	1	1	0	15	5	8	0	0	31	1	0	0	3	0	0	0	236	14	11	15	10	4
2015173	0	1	0	0	5	3	4	14	0	0	3	0	0	3	0	0	0	68	5	4	10	6	0
2018661	0	0	0	0	30	2	4	0	60	0	4	0	0	4	0	0	0	215	5	3	15	8	0
202257	0	1	1	0	22	5	16	0	0	356	3	0	0	2	5	0	0	241	13	34	21	11	6
2022672	0	0	0	0	1	1	3	0	0	0	19	0	0	2	0	0	1	0	0	0	0	0	0
2025994	1	0	0	3	3	1	1	0	0	0	3	1	0	1	0	0	3	0	0	0	0	0	0
2028339	0	0	0	1	2	1	1	0	0	0	3	1	1	1	0	0	0	0	0	0	0	0	0
202946	0	1	1	0	18	5	12	0	0	95	3	0	0	3	0	0	0	308	18	24	18	12	3
2030778	1	0	0	2	2	1	1	0	0	0	3	1	1	1	0	0	2	0	0	0	0	0	0
2038154	0	1	0	0	9	3	2	12	0	0	3	0	0	3	0	0	0	54	4	7	9	5	0
2039874	1	0	0	2	3	1	1	0	0	0	3	1	1	1	0	0	3	0	0	0	0	0	0
2039875	1	0	0	2	2	1	1	0	0	0	2	1	1	1	0	0	3	0	0	0	0	0	0
2041049	1	0	0	3	4	1	1	0	0	0	3	1	1	1	0	0	3	0	0	0	0	0	0
2042821	1	0	0	5	3	1	1	0	0	0	3	1	2	1	0	0	3	0	0	0	0	0	0
205130	0	1	1	0	24	8	22	0	0	237	3	0	0	4	3	42	0	498	24	38	36	14	2
2053667	0	1	0	0	5	1	2	5	0	0	3	0	0	3	0	0	0	45	5	2	8	2	0
2056292	0	0	0	1	13	1	1	0	0	0	4	0	9	2	0	0	0	0	0	0	0	0	0
205686	1	0	0	4	5	1	1	0	0	0	3	1	1	1	0	0	1	0	0	0	0	0	0
205917	0	0	0	0	11	1	2	0	0	0	5	0	7	1	0	0	0	0	0	0	0	0	0
205924	7	0	0	0	7	2	2	0	0	0	4	0	0	1	0	0	0	0	0	0	5	0	0
2059318	1	0	0	0	3	1	1	0	0	0	3	1	1	1	0	0	0	0	0	0	0	0	0
2060905	1	0	0	1	3	1	1	0	0	0	3	1	1	1	0	0	1	0	0	0	0	0	0
2060906	1	0	0	1	3	1	1	0	0	0	3	1	1	1	0	0	1	0	0	0	0	0	0
2060973	1	0	0	2	4	1	2	0	0	0	3	1	1	1	0	0	6	0	0	0	0	0	0
206335	0	0	0	0	23	1	2	0	0	0	3	0	7	1	0	0	0	0	0	0	0	0	0
206669	0	2	0	0	9	2	4	41	0	0	2	0	0	2	0	1	5	608	12	82	45	5	0
2070412	1	0	0	4	3	1	1	0	0	0	3	1	1	1	0	0	2	0	0	0	0	0	0
2070414	1	0	0	3	3	1	1	0	0	0	3	1	1	1	0	0	2	0	0	0	0	0	0
2070753	0	0	0	0	3	1	1	0	0	0	5	1	1	1	0	0	0	0	0	0	0	0	0
2070801	1	0	0	0	3	1	1	0	0	0	3	1	1	1	0	0	0	0	0	0	0	0	0
2072580	0	0	0	0	14	2	3	2	0	1	3	0	0	2	0	0	0	674	8	14	12	5	0
207650	0	1	0	0	5	3	4	7	0	0	3	0	0	3	0	0	0	67	5	3	10	3	0
2078593	1	0	0	5	3	1	1	0	0	0	4	1	1	1	0	0	2	0	0	0	0	0	0
208069	0	1	1	0	15	5	10	0	0	16	2	0	0	3	0	0	0	235	15	16	16	9	6
208073	0	1	1	0	15	4	8	0	0	21	1	0	0	3	0	0	0	234	16	17	16	11	5
2082293	1	0	0	2	6	1	1	0	0	0	4	1	0	1	0	0	2	0	0	0	0	0	0
2082308	1	0	0	4	3	1	1	0	0	0	3	1	1	1	0	0	1	0	0	0	0	0	0
209136	0	0	0	1	5	1	1	0	0	0	3	1	1	1	0	0	1	0	0	0	0	0	0
2094558	0	0	0	0	1	2	5	0	0	0	5	0	0	3	0	0	2	0	0	0	0	0	0
209559	1	0	0	1	3	1	1	0	0	0	3	1	1	1	0	0	1	0	0	0	0	0	0
2100454	1	0	0	3	3	1	1	0	0	0	3	1	1	1	0	0	1	0	0	0	0	0	0
210409	0	0	0	0	7	2	2	9	0	0	3	0	0	3	0	0	0	100	3	7	7	1	0
210430	1	0	0	3	5	1	1	0	0	0	3	1	1	1	0	0	1	0	0	0	0	0	0
210632	0	1	1	0	28	8	23	0	0	125	3	0	0	4	4	40	1	603	27	44	40	14	2
211598	0	1	1	0	16	5	13	0	0	41	2	0	0	2	0	0	0	283	19	22	19	11	2
212602	1	0	0	2	3	1	1	0	0	0	3	1	1	1	0	0	1	0	0	0	0	0	0
2126181	0	0	0	1	20	1	2	0	0	0	8	0	9	1	0	0	0	0	0	0	0	0	0
2126942	0	0	0	0	14	1	2	0	0	0	3	0	7	1	0	0	0	1	0	0	0	0	0
212818	1	0	0	1	4	1	1	0	0	0	3	1	0	1	0	0	2	0	0	0	0	0	0
2138241	0	0	0	0	26	3	2	0	134	0	8	0	0	3	0	0	0	204	4	5	7	6	0
2138324	1	0	0	5	3	1	1	0	0	0	3	1	1	1	0	0	3	0	0	0	0	0	0
214684	0	0	0	1	3	1	2	0	0	0	3	0	2	1	0	0	0	0	0	0	0	0	0
214687	0	0	0	0	1	3	7	0	1	0	6	0	0	6	0	0	1	0	0	0	0	0	0
215250	0	0	0	0	3	1	1	0	0	0	3	0	1	1	0	0	0	0	0	0	0	0	0
215358	0	1	1	0	27	8	5	0	0	9	5	0	0	3	4	7	0	480	25	36	31	15	3
215402	0	1	1	0	24	8	18	0	0	106	3	0	0	2	3	6	1	466	23	37	34	13	0
215461	1	0	0	2	4	1	1	0	0	0	3	1	1	1	0	0	2	0	0	0	0	0	0
215465	3	0	0	5	3	1	1	0	0	0	3	1	1	1	0	0	0	0	0	0	0	0	0
215637	0	0	0	0	3	2	3	0	0	0	2	0	0	1	0	0	1	0	0	0	2	0	0
2163413	0	0	0	1	2	1	1	0	0	0	3	1	1	1	0	0	0	0	0	0	0	0	0
2175873	1	0	0	5	3	1	1	0	0	0	3	1	1	1	0	0	2	0	0	0	0	0	0
2175906	1	0	0	5	3	1	1	0	0	0	3	1	1	1	0	0	2	0	0	0	0	0	0
2182728	0	0	0	0	2	2	3	0	0	0	5	0	0	2	0	0	1	0	0	0	0	0	0
2184029	1	0	0	0	10	4	2	0	0	0	3	0	0	1	0	0	0	0	0	0	2	0	0
218843	0	0	0	0	1	1	3	0	0	0	6	0	0	4	0	0	0	0	0	0	1	0	0
218851	0	0	0	0	1	2	2	0	0	0	6	0	0	6	0	0	1	0	0	0	1	0	0
219545	0	0	1	0	25	9	18	0	0	2	3	0	0	3	1	7	1	313	21	44	27	12	0
219594	0	1	1	0	17	4	12	0	0	207	2	0	0	3	0	0	0	287	18	24	16	11	4
221103	0	0	0	1	19	1	1	0	0	0	3	0	10	1	0	0	0	0	0	0	0	0	0
2211642	0	0	0	1	5	1	1	0	0	0	3	1	1	2	0	0	2	0	0	0	0	0	0
2211643	1	0	0	3	5	1	1	0	0	0	3	1	1	2	0	0	2	0	0	0	0	0	0
2211644	0	0	0	3	4	1	1	0	0	0	3	1	1	2	0	0	2	0	0	0	0	0	0
2211645	0	0	0	2	5	1	1	0	0	0	3	1	1	2	0	0	2	0	0	0	0	0	0
2211646	0	0	0	2	3	1	1	0	0	0	3	1	1	2	0	0	2	0	0	0	0	0	0
2211647	0	0	0	2	4	1	1	0	0	0	3	1	1	2	0	0	2	0	0	0	0	0	0
221167	1	0	0	3	5	1	1	0	0	0	3	1	1	1	0	0	3	0	0	0	0	0	0
221518	0	0	0	0	1	1	1	0	0	0	2	0	0	3	0	0	3	0	0	0	0	0	0
221966	0	1	1	0	14	5	11	0	0	24	2	0	0	3	0	0	0	236	16	13	14	11	6
223781	0	1	1	0	15	4	12	0	0	81	3	0	0	3	0	0	0	284	19	23	20	11	2
223818	0	0	0	0	1	1	1	0	0	0	3	0	1	1	0	0	0	0	0	0	0	0	0
224129	0	1	0	0	10	3	4	12	0	0	4	0	0	3	0	0	0	83	7	7	12	6	0
224669	0	1	1	0	19	4	12	0	0	41	4	0	0	3	0	0	0	268	17	21	19	10	2
2249417	1	0	0	0	3	1	1	0	0	0	3	1	0	1	0	0	1	0	0	0	0	0	0
2249418	1	0	0	0	3	1	1	0	0	0	3	1	0	1	0	0	0	0	0	0	0	0	0
2249419	0	0	0	1	2	1	1	0	0	0	3	1	0	1	0	0	0	0	0	0	0	0	0
2249420	1	0	0	0	3	1	1	0	0	0	3	1	0	1	0	0	1	0	0	0	0	0	0
225164	0	2	0	0	9	2	4	23	0	0	3	0	0	1	0	0	1	296	14	15	17	5	0
225359	0	0	0	2	3	1	1	0	0	0	3	1	0	3	0	0	1	0	0	0	0	0	0
225398	0	1	1	0	15	4	10	0	0	83	2	0	0	3	0	0	0	265	18	18	17	11	1
225400	0	1	1	0	13	5	7	0	0	317	4	0	0	1	0	0	0	161	8	22	11	6	12
22663	0	0	0	0	1	1	3	0	0	0	6	0	0	3	0	0	1	0	0	0	1	0	0
227182	0	1	1	0	14	5	9	0	0	64	2	0	0	3	0	0	0	259	16	19	17	11	1
227184	0	1	1	0	16	5	9	0	0	70	2	0	0	3	0	0	0	256	17	19	18	11	1
227192	0	1	1	0	13	4	7	0	0	68	3	0	0	3	0	0	0	247	15	17	16	8	2
227226	0	1	0	0	12	5	11	0	0	61	2	0	0	3	0	0	0	266	16	19	16	10	2
227228	0	0	1	0	14	4	6	0	0	70	2	0	0	3	0	0	0	258	14	16	16	11	1
227321	1	0	0	2	3	1	1	0	0	0	2	1	1	1	0	0	1	0	0	0	0	0	0
227884	0	0	0	0	23	3	2	0	95	0	3	0	0	2	0	0	0	70	1	2	1	5	0
2282107	0	0	0	0	12	1	2	0	0	0	4	0	1	1	0	0	0	0	0	0	0	0	0
229533	1	0	0	3	3	1	1	0	0	0	3	1	1	1	0	0	4	0	0	0	0	0	0
229535	1	0	0	1	4	1	1	0	0	0	3	1	1	1	0	0	3	0	0	0	0	0	0
230148	0	2	1	0	32	6	14	0	0	10	3	0	0	2	4	2	0	391	22	26	30	14	0
230172	0	3	2	0	17	8	14	0	0	151	3	0	0	4	3	0	0	257	14	30	23	10	5
230686	0	1	0	0	5	3	4	13	0	0	3	0	0	3	0	0	0	63	5	3	9	5	0
230809	0	0	0	2	25	1	2	0	0	0	4	0	11	1	0	0	0	0	0	0	0	0	0
230812	0	0	0	1	58	1	2	0	0	0	6	0	20	1	0	0	0	1	0	0	0	0	0
230819	0	0	0	1	17	1	2	0	0	0	3	0	6	1	0	0	0	0	0	0	0	0	0
230844	0	1	1	0	16	5	17	0	0	1081	4	0	0	3	114	83	0	303	15	32	24	11	36
231223	0	0	1	0	10	2	3	25	0	0	3	0	0	2	0	1	1	722	19	19	24	6	0
2315210	0	0	0	0	14	3	2	0	0	0	4	0	0	2	0	0	1	2	0	0	25	0	0
231916	0	0	0	0	17	1	1	0	0	0	3	0	4	2	0	0	0	0	0	0	0	0	0
236234	3	0	0	6	3	1	1	0	0	0	3	1	1	1	0	0	1	0	0	0	0	0	0
2364996	1	0	0	3	5	1	1	0	0	0	3	1	1	1	0	0	4	0	0	0	0	0	0
237420	0	1	1	0	15	5	8	0	0	24	2	0	0	3	0	0	0	246	17	13	15	9	4
237433	0	1	1	0	13	3	7	0	0	18	2	0	0	2	0	0	0	239	17	12	12	11	7
237438	0	1	1	0	14	4	10	0	0	23	1	0	0	3	0	0	0	247	15	17	14	10	5
237442	0	0	1	0	12	4	8	0	0	19	2	0	0	3	0	0	0	210	13	9	11	11	1
237561	0	0	0	1	2	1	1	0	0	0	3	1	1	1	0	0	0	0	0	0	0	0	0
238744	0	1	1	0	25	8	20	0	0	9	3	0	0	3	4	5	1	361	23	32	26	12	1
239371	0	1	1	0	10	4	10	0	0	44	2	0	0	3	0	0	0	241	16	17	14	9	4
239386	0	1	1	0	13	4	11	0	0	32	2	0	0	3	0	0	0	246	15	17	15	10	7
240159	0	2	1	0	30	9	23	0	0	81	4	0	0	5	4	6	0	555	29	36	50	12	4
240176	0	0	0	1	16	1	2	0	0	0	3	0	7	1	0	0	0	1	0	0	0	0	0
240201	0	1	1	0	14	3	10	0	0	66	2	0	0	3	0	0	0	267	17	19	14	10	2
240206	0	1	0	0	12	3	8	0	0	40	2	0	0	2	0	0	0	167	9	10	7	6	1
240209	0	1	1	0	12	4	10	0	0	70	2	0	0	3	0	0	0	251	15	16	17	11	2
240729	0	1	1	0	15	5	12	0	0	40	2	0	0	3	0	0	0	245	14	17	16	11	4
241478	0	0	0	0	8	3	3	0	0	0	5	0	0	3	0	0	0	65	3	1	5	4	0
241587	0	1	1	0	20	4	11	0	0	41	2	0	0	3	0	0	0	263	17	21	19	11	2
242507	1	0	0	4	3	1	1	0	0	0	3	1	1	1	0	0	2	0	0	0	0	0	0
243059	0	1	1	0	15	4	11	0	0	20	1	0	0	3	0	0	0	246	16	16	17	10	8
243314	0	1	1	0	13	5	11	0	0	51	2	0	0	3	0	0	0	246	15	14	16	11	2
243888	0	1	1	0	13	4	12	0	0	72	1	0	0	3	0	0	0	266	15	11	15	10	2
243964	0	0	0	0	3	3	6	0	0	0	4	0	0	6	0	0	1	1	0	0	0	0	0
244447	0	1	1	0	27	7	21	0	0	71	3	0	0	5	4	23	1	413	22	34	33	12	0
2448454	0	0	0	0	2	2	10	0	0	0	7	0	0	3	0	0	2	0	0	0	0	0	0
245042	0	1	0	0	16	4	10	0	0	14	2	0	0	3	0	0	0	198	16	19	16	8	1
245048	0	1	0	0	11	3	3	0	0	17	1	0	0	3	0	0	0	216	9	3	8	9	1
245174	0	0	0	0	2	1	1	0	0	0	3	0	0	1	0	0	0	0	0	0	0	0	0
245834	3	0	0	2	3	1	1	0	0	0	3	1	1	2	0	0	0	0	0	0	0	0	0
246404	2	0	0	0	27	1	1	0	0	0	3	0	0	2	0	0	4	32	0	0	45	0	0
246409	1	0	0	0	11	4	5	0	0	0	4	0	0	2	0	0	0	0	0	0	2	0	0
246410	1	0	0	0	3	1	1	0	0	0	3	1	1	1	0	0	1	0	0	0	0	0	0
246437	0	1	1	0	17	2	17	0	0	1143	3	0	0	3	1	24	0	250	15	23	69	10	8
247094	0	2	1	0	14	4	13	0	0	544	3	0	0	3	12	13	0	334	11	28	24	13	53
2478892	0	0	0	0	13	4	9	0	0	89	1	0	0	3	0	0	0	242	13	12	11	10	1
2480587	0	0	0	1	19	1	2	0	0	0	9	0	10	1	0	0	0	0	0	0	0	0	0
2483200	0	0	0	0	1	1	1	0	0	0	3	0	0	1	0	0	1	0	0	0	3	0	0
2483409	0	0	0	0	1	1	1	0	0	0	8	0	0	4	0	0	1	0	0	0	8	0	0
248454	0	1	0	0	5	3	3	11	0	0	3	0	0	3	0	0	0	117	8	4	11	4	0
2485327	0	1	1	0	14	5	9	0	0	22	1	0	0	3	0	0	0	241	14	13	15	10	6
2489341	0	1	1	0	17	4	10	0	0	31	3	0	0	3	0	0	0	273	19	21	20	11	2
249248	0	0	0	0	22	4	14	6	0	0	9	0	0	9	0	0	0	1814	12	13	37	6	0
2493646	0	1	7	0	9	3	4	14	0	0	7	0	0	2	0	2	1	320	12	22	13	5	0
2494466	1	0	0	2	4	1	1	0	0	0	3	1	1	1	0	0	4	0	0	0	0	0	0
2496075	0	0	0	0	1	1	1	0	0	0	3	0	0	3	0	0	3	0	0	0	2	0	0
2498619	0	0	0	0	15	1	2	0	0	0	3	0	6	2	0	0	0	0	0	0	0	0	0
2511006	0	0	0	0	2	2	3	0	0	0	8	0	0	2	0	0	1	0	0	0	0	0	0
2512241	0	0	0	2	4	1	1	0	0	0	3	0	1	1	0	0	2	0	0	0	0	0	0
252184	1	0	0	2	4	1	1	0	0	0	3	1	1	2	0	0	3	0	0	0	0	0	0
252671	0	0	5	0	7	3	1	1	0	0	4	0	0	1	0	0	3	241	15	40	31	5	0
252740	1	0	0	1	3	1	1	0	0	0	2	1	1	1	0	0	2	0	0	0	0	0	0
252798	0	1	1	0	15	4	8	0	0	62	2	0	0	3	0	0	0	254	16	20	18	10	1
2529409	0	1	1	0	11	4	9	0	0	44	2	0	0	2	0	0	0	236	13	12	13	9	3
253628	1	0	0	2	3	1	1	0	0	0	3	1	0	2	0	0	0	0	0	0	0	0	0
254446	0	1	1	0	15	5	8	0	0	36	2	0	0	3	0	0	0	241	15	18	16	10	4
254448	0	1	1	0	15	4	11	0	0	23	1	0	0	2	0	0	0	237	15	15	15	10	4
254528	0	1	1	0	15	4	10	0	0	18	2	0	0	3	0	0	0	232	15	13	17	11	5
254539	0	1	1	0	15	4	11	0	0	31	2	0	0	3	0	0	0	248	17	16	15	10	6
254552	0	1	1	0	14	4	9	0	0	25	1	0	0	3	0	0	0	240	16	12	15	9	3
254557	0	1	1	0	14	4	11	0	0	24	2	0	0	3	0	0	0	239	14	17	16	9	7
254563	0	0	1	0	7	3	3	0	0	21	2	0	0	3	0	0	0	188	5	3	6	7	6
254575	0	1	1	0	14	4	8	0	0	19	2	0	0	3	0	0	0	242	16	14	15	10	4
254652	0	1	1	0	14	5	9	0	0	23	2	0	0	3	0	0	0	239	16	16	14	10	5
2557542	0	0	1	0	6	1	1	0	0	0	6	0	0	1	0	0	3	1	0	0	12	0	0
256645	2	0	0	4	5	1	1	0	0	0	3	1	1	1	0	0	1	0	0	0	0	0	0
257818	0	1	1	0	16	4	12	0	0	42	2	0	0	3	0	0	0	266	18	21	19	9	3
2582783	1	0	0	0	3	1	1	0	0	0	3	1	1	1	0	0	1	0	0	0	0	0	0
2585810	0	1	1	0	16	5	12	0	0	27	2	0	0	3	0	0	0	238	16	14	15	12	5
2585811	0	1	0	0	7	2	3	0	0	31	3	0	0	3	0	0	0	201	10	4	6	8	3
2585812	0	1	1	0	14	4	11	0	0	20	2	0	0	3	0	0	0	238	17	15	14	9	5
2585813	0	1	1	0	16	4	10	0	0	73	1	0	0	3	0	0	0	232	16	20	15	10	0
2585815	0	1	1	0	14	5	10	0	0	41	2	0	0	3	0	0	0	238	12	11	16	9	2
2585816	0	1	1	0	14	5	12	0	0	33	1	0	0	3	0	0	0	245	16	13	15	8	1
2585818	0	1	1	0	15	5	9	0	0	19	2	0	0	3	0	0	0	246	16	14	16	9	0
2585820	0	1	1	0	14	4	8	0	0	26	2	0	0	3	0	0	0	230	14	15	14	9	10
2585822	0	1	1	0	13	4	7	0	0	62	3	0	0	3	0	0	0	245	17	15	17	9	1
2587831	0	2	1	0	17	5	17	0	0	394	3	0	0	3	2	1	0	381	19	32	24	11	11
2593467	0	1	1	0	17	4	13	0	0	19	2	0	0	3	0	0	0	255	16	20	19	11	11
2594499	0	0	0	0	2	1	4	0	0	0	5	0	0	5	0	0	1	0	0	0	0	0	0
2598192	0	0	0	0	15	2	4	0	96	0	3	0	0	3	0	0	0	157	5	2	8	4	0
2601811	1	0	0	6	3	1	1	0	0	0	3	1	1	1	0	0	1	0	0	0	0	0	0
2604345	1	0	0	6	4	1	1	0	0	0	3	1	1	1	0	0	2	0	0	0	0	0	0
260670	1	0	0	3	4	1	1	0	0	0	4	1	1	2	0	0	3	0	0	0	0	0	0
260671	1	0	0	1	4	1	1	0	0	0	3	1	1	2	0	0	4	0	0	0	0	0	0
2606893	0	0	0	2	2	1	1	0	0	0	3	1	1	1	0	0	0	0	0	0	0	0	0
2609070	0	1	1	0	24	9	14	0	0	3	3	0	0	3	3	9	1	295	24	38	28	10	0
260995	0	1	1	0	13	5	14	0	1	541	3	0	0	3	6	239	1	330	17	25	23	11	5
261099	0	0	0	0	3	1	1	0	0	0	3	0	0	1	0	0	3	6	0	0	9	0	0
261450	0	0	0	0	2	2	2	0	0	0	13	0	0	4	0	0	1	0	0	0	0	0	0
2614577	1	0	0	1	4	1	1	0	0	0	3	1	1	1	0	0	2	0	0	0	0	0	0
2615122	0	0	0	0	11	1	2	0	0	0	3	0	8	1	0	0	0	0	0	0	0	0	0
261658	15	0	0	0	11	1	2	1	0	0	3	0	0	1	0	0	10	1	0	0	7	0	0
262757	0	0	0	0	1	1	3	0	0	0	6	0	0	2	0	0	1	0	0	0	0	0	0
262921	0	0	0	0	1	2	1	0	0	0	5	0	0	2	0	0	1	0	0	0	0	0	0
264951	1	0	0	1	3	1	1	0	0	0	3	1	1	1	0	0	1	0	0	0	0	0	0
2650707	0	0	0	0	2	1	1	0	0	0	4	0	0	1	0	0	0	0	0	0	8	0	0
2652724	0	2	4	0	6	3	5	23	0	0	3	0	0	1	0	0	1	1185	7	42	48	5	0
2654633	0	0	0	0	20	2	2	0	96	0	3	0	0	2	0	0	0	175	3	2	8	4	0
265632	0	1	1	0	13	4	10	0	0	30	2	0	0	3	0	0	0	242	16	16	14	12	6
2656787	1	0	0	3	6	1	1	0	0	0	3	1	1	1	0	0	2	0	0	0	0	0	0
266360	0	1	1	0	15	4	10	0	0	25	2	0	0	3	0	0	0	235	14	19	16	9	9
2663907	0	0	0	0	2	1	1	0	0	0	4	0	0	1	0	0	0	0	0	0	11	0	0
2664684	0	0	0	0	7	3	6	0	0	0	3	0	0	2	0	0	0	162	2	8	23	4	0
2664923	1	0	0	6	3	1	1	0	0	0	3	1	1	1	0	0	1	0	0	0	0	0	0
267555	0	0	0	0	1	1	2	0	0	0	5	0	0	3	0	0	1	0	0	0	0	0	0
2675880	1	0	0	3	3	1	1	0	0	0	3	1	1	1	0	0	5	0	0	0	0	0	0
268474	0	0	0	0	6	1	5	0	0	0	3	0	0	2	0	0	0	41	4	3	7	4	0
268475	0	0	0	0	6	1	5	0	0	0	3	0	0	2	0	0	0	41	4	3	7	5	0
268505	1	0	0	2	3	1	1	0	0	0	3	1	1	1	0	0	2	0	0	0	0	0	0
2686198	1	0	0	1	3	1	1	0	0	0	3	1	1	1	0	0	2	0	0	0	0	0	0
2692428	0	0	0	4	5	2	2	0	0	0	6	2	1	1	0	0	2	0	0	0	0	0	0
269412	0	1	1	0	15	5	10	0	0	49	2	0	0	3	0	0	0	225	15	13	11	11	9
269621	0	0	0	1	7	1	1	0	0	0	3	0	1	1	0	0	0	0	0	0	0	0	0
2698480	0	0	0	0	2	1	1	0	0	0	3	1	1	1	0	0	0	0	0	0	0	0	0
270547	0	2	1	0	26	7	15	0	0	22	5	0	0	4	4	1	1	476	29	27	29	15	3
2711	0	0	0	0	1	1	4	0	0	0	6	0	0	2	0	0	1	0	0	0	1	0	0
271217	0	1	0	0	5	3	4	13	0	0	3	0	0	3	0	0	0	88	5	3	9	5	0
2714763	0	0	0	0	3	1	1	0	0	0	2	1	1	1	0	0	1	0	0	0	0	0	0
2715315	0	1	0	0	5	3	4	12	0	0	3	0	0	3	0	0	0	65	5	3	10	5	0
2715852	0	1	1	0	22	5	20	0	0	96	3	0	0	3	1	0	0	207	15	30	22	9	0
2727404	0	0	0	0	1	2	4	0	0	0	7	0	0	4	0	0	1	0	0	0	0	0	0
27288	0	0	0	1	2	1	1	0	0	0	3	1	1	1	0	0	0	0	0	0	0	0	0
2728926	0	0	0	3	4	1	1	0	0	0	3	1	1	1	0	0	3	0	0	0	0	0	0
27326	0	0	0	1	2	1	1	0	0	0	5	1	1	1	0	0	0	0	0	0	0	0	0
27334	0	0	0	0	3	1	1	0	0	0	3	1	1	1	0	0	1	0	0	0	0	0	0
2733690	0	0	0	2	47	1	2	0	0	0	4	0	23	1	0	0	0	1	0	0	0	0	0
27337	1	0	0	2	3	1	1	0	0	0	3	1	1	1	0	0	2	0	0	0	0	0	0
27342	0	0	0	0	15	1	2	0	0	0	3	0	40	1	0	0	0	0	0	0	0	0	0
27349	0	0	0	1	5	1	1	0	0	0	3	0	3	1	0	0	0	0	0	0	0	0	0
27350	0	0	0	1	7	1	1	0	0	0	4	0	3	1	0	0	0	0	0	0	0	0	0
273540	0	0	0	0	1	2	4	0	0	0	10	0	0	2	0	0	1	0	0	0	2	0	0
27357	1	0	0	5	3	1	1	0	0	0	3	0	0	1	0	0	2	0	0	0	0	0	0
27381	3	0	0	2	4	1	1	0	0	0	3	0	1	1	0	0	0	0	0	0	0	0	0
27404	0	1	0	0	6	3	4	27	0	0	8	0	0	6	0	0	0	174	6	11	15	2	0
2740835	0	1	0	0	11	4	5	10	0	0	8	0	0	4	0	0	0	210	27	28	20	5	0
27457	0	0	0	0	9	3	5	14	0	0	4	0	0	3	0	0	0	79	5	4	7	6	0
2747483	0	1	0	0	11	3	4	8	0	0	4	0	0	3	0	0	0	201	20	22	15	5	0
2748771	0	0	0	3	23	2	1	0	0	0	5	0	10	2	0	0	0	0	0	0	0	0	0
2754530	0	0	0	2	3	1	2	0	0	0	3	0	1	1	0	0	0	0	0	0	0	0	0
2755281	0	1	0	0	10	5	2	8	0	0	5	0	0	3	0	0	0	78	9	10	10	4	0
2761393	0	0	0	0	1	1	2	0	0	0	3	0	0	1	0	0	0	0	0	0	1	0	0
2761395	0	0	0	0	2	1	1	0	0	0	4	0	0	1	0	0	0	0	0	0	8	0	0
2761396	0	0	0	0	2	1	1	0	0	0	2	0	0	1	0	0	0	0	0	0	17	0	0
27622	0	1	1	0	16	5	15	0	0	126	3	0	0	3	0	0	0	248	15	33	20	11	8
2762511	0	0	0	0	15	7	12	7	0	0	16	0	0	11	0	0	0	1042	11	14	34	5	0
2762512	0	0	0	0	12	4	8	6	0	0	10	0	0	9	0	0	0	676	6	6	19	3	0
27687	0	2	1	0	16	5	17	0	0	230	3	0	0	3	29	139	0	656	17	30	32	11	12
2773714	2	0	0	3	3	1	1	0	0	0	3	1	1	1	0	0	0	0	0	0	0	0	0
2773715	3	0	0	1	3	1	1	0	0	0	3	1	1	1	0	0	0	0	0	0	0	0	0
2773716	3	0	0	4	4	1	1	0	0	0	3	2	1	1	0	0	0	0	0	0	0	0	0
2774352	1	0	0	5	3	1	1	0	0	0	3	1	1	1	0	0	3	0	0	0	0	0	0
2777116	0	0	0	0	20	2	8	0	97	0	3	0	0	2	0	0	0	160	3	2	8	4	0
27835	0	0	0	0	21	2	4	0	11	0	5	0	0	3	0	0	0	146	3	4	9	5	0
27845	0	0	0	0	16	4	3	0	0	0	6	0	0	2	0	0	0	126	2	0	3	6	0
27848	0	0	0	0	11	5	2	0	0	0	5	0	0	3	0	0	0	107	1	0	4	6	0
278856	0	1	0	0	6	3	3	8	0	0	3	0	0	3	0	0	0	84	5	4	7	4	0
2789361	0	0	0	0	2	1	1	0	0	0	3	0	0	1	0	0	0	0	0	0	9	0	0
278938	1	0	0	2	4	1	1	0	0	0	3	1	0	1	0	0	2	0	0	0	0	0	0
278944	1	0	0	2	3	1	1	0	0	0	3	1	0	1	0	0	1	0	0	0	0	0	0
27915	0	1	0	0	11	3	5	4	0	0	4	0	0	2	0	1	0	349	7	10	23	7	0
2792576	1	0	0	2	3	1	1	0	0	0	3	1	1	1	0	0	2	0	0	0	0	0	0
279322	0	0	0	1	3	1	2	0	0	0	3	0	1	1	0	0	0	0	0	0	0	0	0
2795749	1	0	0	4	3	1	1	0	0	0	3	1	1	1	0	0	2	0	0	0	0	0	0
279965	0	1	1	0	7	3	10	0	0	51	2	0	0	3	0	0	0	146	13	12	6	4	2
279966	0	1	1	0	15	5	8	0	0	22	2	0	0	3	0	0	0	242	17	13	15	9	4
2804957	0	0	0	1	15	1	2	0	0	0	3	0	7	1	0	0	0	0	0	0	0	0	0
281687	0	0	0	0	27	3	3	0	153	0	4	0	0	3	0	0	0	152	4	3	9	8	0
2821754	2	0	0	3	4	1	1	0	0	0	3	1	1	1	0	0	1	0	0	0	0	0	0
282301	0	0	0	0	28	7	21	0	0	0	8	0	0	6	0	0	4	83	1	23	21	28	0
2823209	1	0	0	2	3	1	1	0	0	0	3	1	1	2	0	0	4	0	0	0	0	0	0
2823264	0	0	0	0	21	1	1	0	0	0	5	0	12	1	0	0	0	0	0	0	0	0	0
2824670	1	0	0	5	5	1	1	0	0	0	4	1	1	1	0	0	5	0	0	0	0	0	0
282569	1	0	0	5	5	1	1	0	0	0	3	1	1	1	0	0	4	0	0	0	0	0	0
2829485	2	0	0	4	5	1	1	0	0	0	3	1	1	1	0	0	1	0	0	0	0	0	0
2829486	0	0	0	5	9	1	1	0	0	0	3	0	2	1	0	0	0	1	0	0	0	0	0
283035	0	1	1	0	25	8	22	0	0	150	3	0	0	4	4	35	0	517	24	35	39	14	3
28377	0	1	0	0	15	5	13	0	0	94	4	0	0	3	1	42	0	317	18	21	25	10	27
283909	0	3	1	0	11	3	6	10	0	0	3	0	0	2	0	0	0	995	13	14	50	5	0
2839758	1	0	0	3	3	1	1	0	0	0	3	1	1	1	0	0	1	0	0	0	0	0	0
284590	0	0	0	1	2	1	1	0	0	0	3	1	1	1	0	0	0	0	0	0	0	0	0
284591	0	0	0	2	2	1	1	0	0	0	3	1	1	1	0	0	0	0	0	0	0	0	0
284592	0	0	0	4	2	1	1	0	0	0	3	1	1	1	0	0	0	0	0	0	0	0	0
284593	0	0	0	1	2	1	1	0	0	0	3	1	1	1	0	0	0	0	0	0	0	0	0
284811	0	0	0	1	2	1	1	0	0	0	3	1	1	1	0	0	0	0	0	0	0	0	0
2849845	0	0	0	0	1	1	1	0	0	0	3	0	0	1	0	0	0	0	0	0	9	0	0
2849861	0	0	0	0	3	1	1	0	0	0	3	0	0	1	0	0	0	0	0	0	11	0	0
2849863	0	0	0	0	2	1	1	0	0	0	3	0	0	1	0	0	0	0	0	0	11	0	0
28548	1	0	0	2	3	1	1	0	0	0	3	1	1	1	0	0	3	0	0	0	0	0	0
28573	2	0	0	2	3	1	1	0	0	0	3	1	1	1	0	0	3	0	0	0	0	0	0
286115	0	0	0	1	18	1	1	0	0	0	3	0	0	1	0	0	1	5	0	0	0	0	0
286419	0	1	1	0	17	5	20	0	0	665	3	0	0	4	6	0	0	259	15	34	22	12	16
286661	1	0	0	4	3	1	1	0	0	0	4	1	1	1	0	0	0	0	0	0	0	0	0
28689	0	1	1	0	13	4	9	0	0	74	3	0	0	3	0	0	0	257	18	15	13	13	1
28697	0	1	1	0	16	4	12	0	0	68	2	0	0	3	0	0	0	263	17	17	17	11	2
28713	0	1	1	0	15	5	8	0	0	25	1	0	0	3	0	0	0	234	15	13	16	10	8
28724	0	1	0	0	14	4	8	0	0	23	1	0	0	3	0	0	0	236	17	12	16	10	4
2874296	0	0	0	0	12	2	4	0	0	0	3	0	0	2	0	0	0	58	3	3	7	4	0
28743	0	1	1	0	31	10	21	0	0	69	3	0	0	3	4	29	1	478	25	41	38	12	1
2878363	0	0	0	0	17	2	3	0	18	0	3	0	0	2	0	0	0	142	3	2	8	4	0
287889	0	0	0	0	8	3	4	1	0	0	3	0	0	2	0	0	2	749	6	66	86	2	0
289078	0	0	0	1	6	1	1	0	0	0	4	0	1	1	0	0	0	0	0	0	0	0	0
289476	0	0	0	0	15	2	4	0	134	0	4	0	0	5	0	0	0	319	4	3	9	4	0
2898545	1	0	0	4	4	1	1	0	0	0	3	1	1	1	0	0	2	0	0	0	0	0	0
290292	1	0	0	2	4	1	1	0	0	0	3	1	1	1	0	0	2	0	0	0	0	0	0
29073	0	1	1	0	18	5	20	0	0	1224	3	0	0	3	19	0	0	288	15	37	22	11	20
290746	0	0	0	0	51	3	5	0	44	0	6	0	0	5	0	0	0	192	10	4	19	5	0
29088	0	1	1	0	16	5	24	0	0	477	3	0	0	3	3	0	0	275	15	36	22	11	17
29139	0	1	1	0	17	5	22	0	0	678	3	0	0	3	15	14	0	288	16	28	23	11	29
29144	0	1	1	0	32	9	24	0	0	144	3	0	0	3	4	22	1	657	27	62	41	15	3
29158	0	2	29	0	9	2	5	12	0	0	6	0	0	5	0	1	1	704	25	71	20	7	0
29159	0	1	12	0	11	2	6	5	0	0	5	0	0	2	0	1	1	433	30	35	17	5	0
29170	0	0	0	0	34	4	3	0	40	0	8	0	0	5	0	0	0	188	4	5	6	6	0
29172	0	0	0	0	17	3	6	0	1	0	3	0	0	4	0	0	0	112	3	2	8	4	0
293382	1	0	0	1	7	1	1	0	0	0	3	1	1	1	0	0	3	0	0	0	0	0	0
293559	1	0	0	1	3	1	1	0	0	0	4	1	1	1	0	0	2	0	0	0	0	0	0
294128	0	1	0	0	8	3	2	16	0	0	5	0	0	3	0	0	0	110	10	9	15	4	0
294747	0	0	0	1	2	1	1	0	0	0	3	1	1	1	0	0	0	0	0	0	0	0	0
2953425	0	1	1	0	15	5	11	0	0	58	2	0	0	3	0	0	0	249	15	16	18	10	1
29655	0	0	0	0	1	1	3	0	0	0	9	0	0	1	0	0	1	0	0	0	0	0	0
2970133	0	0	0	0	24	2	3	0	172	0	3	0	0	2	0	0	0	160	3	2	7	4	0
2972119	1	0	0	3	3	1	1	0	0	0	3	1	1	1	0	0	3	0	0	0	0	0	0
2972120	1	0	0	1	3	1	1	0	0	0	3	1	1	1	0	0	3	0	0	0	0	0	0
29729	0	0	0	0	1	2	2	0	0	0	2	0	0	2	0	0	0	0	0	0	0	0	0
29730	0	0	0	0	1	2	7	0	0	0	11	0	0	1	0	0	1	0	0	0	0	0	0
29760	0	0	0	0	1	1	3	0	0	0	5	0	0	1	0	0	1	0	0	0	1	0	0
297813	0	1	1	0	10	4	9	0	0	82	1	0	0	3	0	0	0	245	17	15	17	11	1
29808	0	0	0	0	1	1	1	0	0	0	12	0	0	2	0	0	1	0	0	0	1	0	0
29833	0	0	0	0	2	1	1	0	0	0	3	1	1	1	0	0	0	0	0	0	0	0	0
298350	0	0	0	0	16	3	1	0	6	0	1	0	0	1	0	0	0	91	2	0	5	1	0
29845	1	0	0	0	2	1	1	0	0	0	3	1	1	1	0	0	2	0	0	0	0	0	0
298831	0	1	1	0	14	4	9	0	0	24	1	0	0	3	0	0	0	242	14	15	14	12	4
29920	0	0	0	0	1	1	1	0	0	0	4	0	0	3	0	0	4	0	0	0	3	0	0
299321	0	1	1	0	21	7	21	0	0	45	3	0	0	3	3	41	0	471	23	39	35	15	6
299467	0	0	0	0	12	3	3	3	0	1	4	0	0	13	0	0	0	154	7	8	14	4	0
299642	0	1	0	0	10	5	6	45	0	0	6	0	0	3	0	0	0	229	26	29	21	7	0
300111	0	1	0	0	5	3	4	14	0	0	3	0	0	3	0	0	0	70	6	3	10	5	0
300112	0	1	0	0	4	3	4	12	1	0	2	0	0	3	0	0	0	72	5	3	10	4	0
30019	0	0	0	0	7	3	3	8	0	0	3	0	1	7	0	0	0	76	5	4	11	4	0
30033	0	0	0	0	6	3	5	20	0	0	3	0	0	5	0	0	0	76	4	5	10	5	0
30044	0	0	0	0	5	3	5	7	0	0	4	0	0	5	0	0	0	68	5	5	10	4	0
30069	0	1	0	0	7	4	5	6	0	0	3	0	0	4	0	0	0	94	5	3	9	6	0
300844	0	0	0	0	1	2	3	0	0	0	5	0	0	4	0	0	1	0	0	0	1	0	0
30212	0	1	0	0	5	3	3	11	0	0	3	0	0	3	0	0	0	71	4	4	9	5	0
30213	0	1	0	0	5	3	4	10	0	0	3	0	0	3	0	0	0	68	4	4	9	5	0
302527	0	1	1	0	13	4	12	0	0	31	1	0	0	2	0	0	0	248	15	14	12	12	1
303518	0	1	1	0	27	8	25	0	0	92	4	0	0	4	4	54	1	508	28	49	44	15	1
30388	0	1	1	0	14	3	9	0	0	56	1	0	0	3	0	0	0	255	17	15	13	11	1
30419	0	1	0	0	15	3	10	0	0	103	2	0	0	3	0	0	0	187	14	13	12	9	3
30455	0	1	0	0	7	2	7	0	0	23	2	0	0	1	0	0	0	128	11	8	6	6	1
30457	0	1	1	0	12	4	10	0	0	45	1	0	0	3	0	0	0	246	18	18	14	9	0
30461	0	1	1	0	15	4	11	0	0	56	2	0	0	3	0	0	0	249	16	20	18	9	4
30464	0	1	1	0	17	4	13	0	0	76	2	0	0	3	0	0	0	248	18	22	17	11	2
30521	0	1	1	0	16	5	17	0	0	629	3	0	0	4	23	0	0	258	15	30	20	10	17
30522	0	1	1	0	16	5	17	0	0	831	3	0	0	4	22	0	0	257	15	37	21	10	19
30538	0	1	1	0	16	5	15	0	0	785	3	0	0	3	8	0	0	275	14	35	24	11	14
30608	0	1	1	0	16	5	20	0	0	160	3	0	0	3	0	1	0	192	15	29	22	9	1
30611	0	1	1	0	16	5	14	0	0	698	3	0	0	3	25	3	0	263	15	34	23	11	9
30640	0	1	1	0	16	13	11	0	0	3113	3	0	0	4	63	5	0	249	14	28	36	11	11
306901	1	0	0	2	3	1	1	0	0	0	3	1	1	2	0	0	2	0	0	0	0	0	0
306902	0	0	0	1	2	1	1	0	0	0	3	1	1	1	0	0	0	0	0	0	0	0	0
30732	0	1	1	0	30	9	22	0	0	20	3	0	0	4	2	1	1	459	23	44	36	14	1
307491	0	1	0	0	5	3	2	9	0	0	4	0	0	4	0	0	0	73	6	2	9	3	0
307492	0	1	0	0	6	2	4	8	0	0	5	0	0	4	0	0	0	110	7	2	9	3	0
307758	0	0	0	0	3	1	1	0	0	0	3	0	1	1	0	0	0	0	0	0	0	0	0
307937	1	0	0	5	6	1	1	0	0	0	4	1	1	1	0	0	9	0	0	0	0	0	0
307959	0	1	2	0	52	16	45	0	0	105	6	0	0	7	4	56	0	970	47	78	67	28	5
307972	0	1	0	0	6	2	4	14	0	0	3	0	0	4	0	0	3	352	10	61	26	4	0
308745	2	0	0	1	3	1	1	0	0	0	3	1	1	1	0	0	1	0	0	0	0	0	0
30991	0	1	1	0	24	9	17	0	0	99	3	0	0	7	5	13	1	444	21	43	34	13	6
31033	0	1	1	0	22	8	21	0	0	65	4	0	0	4	3	23	0	433	24	31	31	13	2
310752	0	2	1	0	15	5	15	0	0	221	3	0	0	3	1	0	0	264	17	29	23	12	8
310915	0	0	1	0	25	9	18	0	0	0	3	0	0	3	1	7	1	272	22	39	26	12	0
310955	0	0	0	0	13	2	3	0	16	0	6	0	0	3	0	0	0	87	4	3	8	2	0
311401	0	1	1	0	15	4	13	0	0	77	2	0	0	3	0	0	0	268	18	22	20	10	3
312124	0	1	1	0	14	4	11	0	0	33	2	0	0	3	0	0	0	242	15	16	16	8	8
31234	0	0	0	0	21	2	4	0	680	0	4	0	0	2	0	0	0	210	3	2	10	5	0
31243	0	0	0	0	18	3	3	0	19	0	3	0	0	4	0	0	0	155	2	0	8	2	0
31246	0	0	0	0	13	6	3	0	0	0	4	0	0	3	0	0	0	78	1	1	3	7	0
314023	1	0	0	1	5	1	1	0	0	0	3	1	1	2	0	0	3	0	0	0	0	0	0
314031	1	0	0	3	5	1	1	0	0	0	3	1	1	2	0	0	3	0	0	0	0	0	0
314037	1	0	0	3	5	1	1	0	0	0	3	1	1	2	0	0	3	0	0	0	0	0	0
314040	1	0	0	2	4	1	1	0	0	0	3	1	1	2	0	0	5	0	0	0	0	0	0
314043	1	0	0	1	5	1	1	0	0	0	3	1	1	2	0	0	5	0	0	0	0	0	0
3150915	0	1	1	0	13	4	9	0	0	33	1	0	0	3	0	0	0	243	16	16	17	11	4
315347	0	0	0	0	1	1	4	0	0	0	5	0	0	2	0	0	0	0	0	0	0	0	0
315576	0	1	0	0	6	3	2	21	0	0	3	0	0	3	0	0	0	89	4	2	11	5	0
317792	0	1	1	0	11	3	8	0	0	23	2	0	0	3	0	0	0	204	8	5	7	11	1
318479	0	0	0	0	11	2	5	0	0	0	3	0	0	2	0	0	0	108	2	2	7	4	0
318751	2	0	0	2	4	1	1	0	0	0	3	1	2	1	0	0	1	0	0	0	0	0	0
319348	0	1	0	0	7	3	4	16	0	0	3	0	0	3	0	0	0	97	5	2	11	5	0
3197	0	0	0	0	1	1	1	0	0	0	6	0	0	1	0	0	1	0	0	0	1	0	0
320322	0	0	0	0	1	2	3	0	0	0	7	0	0	6	0	0	1	0	0	0	0	0	0
321084	0	1	1	0	14	4	11	0	0	63	1	0	0	3	0	0	0	252	18	17	16	10	1
321146	3	0	0	4	1	1	1	0	0	0	3	1	1	1	0	0	0	0	0	0	0	0	0
321398	0	1	1	0	14	5	13	0	0	28	2	0	0	3	0	0	0	267	17	22	20	11	6
321614	1	0	0	4	4	1	1	0	0	0	3	1	2	1	0	0	1	0	0	0	0	0	0
32201	0	0	0	0	1	2	7	0	0	0	5	0	0	3	0	0	1	0	0	0	1	0	0
32244	0	0	0	0	2	2	7	0	0	0	16	0	0	3	0	0	2	0	0	0	1	0	0
322582	0	1	1	0	15	5	6	0	0	38	2	0	0	3	0	0	0	237	17	17	13	11	4
32264	0	0	0	0	6	3	4	4	0	0	3	0	0	26	0	0	0	99	8	5	13	6	0
3235156	0	1	0	0	12	5	7	0	0	35	2	0	0	3	0	0	0	224	15	17	16	10	4
32507	0	1	1	0	26	8	23	0	0	62	3	0	0	4	4	44	1	512	26	38	35	14	0
325343	0	1	1	0	14	4	9	0	0	44	1	0	0	3	0	0	0	249	17	14	15	11	0
32536	0	1	0	0	16	5	19	0	0	776	3	0	0	3	13	0	0	277	15	35	22	11	19
325452	0	0	0	0	1	1	1	0	0	0	3	0	0	3	0	0	2	0	0	0	2	0	0
325984	0	0	0	0	3	1	4	0	0	0	11	0	0	4	0	0	1	0	0	0	1	0	0
326594	0	1	0	0	7	3	4	3	0	0	3	0	0	3	0	0	0	54	4	3	8	4	0
326968	0	0	0	0	1	1	4	0	0	0	7	0	0	3	0	0	1	0	0	0	0	0	0
327505	1	0	0	3	7	1	1	0	0	0	3	1	1	1	0	0	5	0	0	0	0	0	0
328815	0	1	0	0	13	3	12	0	0	21	2	0	0	2	0	0	0	192	13	14	13	9	6
329046	3	0	0	0	27	1	1	0	0	0	3	0	0	1	0	0	3	23	0	0	56	0	0
329884	3	0	0	6	5	1	1	0	0	0	3	1	1	1	0	0	0	0	0	0	0	0	0
329885	4	0	0	5	5	2	1	0	0	0	6	2	2	2	0	0	0	0	0	0	0	0	0
330526	1	0	0	2	6	1	1	0	0	0	3	1	1	2	0	0	5	0	0	0	0	0	0
330535	1	0	0	2	4	1	1	0	0	0	3	1	1	2	0	0	4	0	0	0	0	0	0
330879	1	0	0	1	3	1	1	0	0	0	3	1	1	1	0	0	3	0	0	0	0	0	0
331117	1	0	0	0	3	1	1	0	0	0	3	1	1	1	0	0	3	0	0	0	0	0	0
33114	0	0	0	0	1	1	2	0	0	0	12	0	0	3	0	0	0	0	0	0	1	0	0
33203	1	0	0	3	4	1	2	0	0	0	3	1	1	1	0	0	6	0	0	0	0	0	0
33205	1	0	0	3	3	1	1	0	0	0	3	1	1	1	0	0	4	0	0	0	0	0	0
332648	1	0	0	2	3	1	1	0	0	0	4	1	1	1	0	0	1	0	0	0	0	0	0
332952	1	0	0	2	4	1	1	0	0	0	3	1	1	1	0	0	1	0	0	0	0	0	0
333673	0	1	1	0	19	4	10	0	0	668	3	0	0	3	0	0	0	266	19	19	16	11	3
334116	0	1	0	0	5	3	4	10	0	0	3	0	0	3	0	0	0	84	4	6	9	5	0
334426	0	0	0	0	15	2	5	0	3	0	4	0	0	3	0	0	0	111	3	2	7	4	0
334625	0	0	0	0	10	2	4	1	0	0	6	0	0	4	0	0	0	126	11	9	15	5	0
334819	1	0	0	3	5	1	1	0	0	0	3	1	1	1	0	0	5	0	0	0	0	0	0
33528	0	1	1	0	20	6	20	0	0	20	2	0	0	3	0	9	0	331	22	27	23	10	0
33581	0	1	1	0	13	3	8	0	0	51	3	0	0	3	0	0	0	235	15	9	10	11	0
33584	0	1	1	0	13	2	11	0	0	47	1	0	0	3	0	0	0	240	10	14	10	10	1
33598	0	1	1	0	15	5	9	0	0	56	2	0	0	3	0	0	0	251	15	19	16	8	2
33601	0	1	1	0	16	5	12	0	0	37	1	0	0	3	0	0	0	241	17	15	12	11	0
336722	4	0	0	4	4	1	1	0	0	0	3	1	1	2	0	0	0	0	0	0	0	0	0
336963	1	0	0	0	3	1	1	0	0	0	3	1	1	1	0	0	0	0	0	0	0	0	0
336983	0	1	1	0	16	5	19	0	0	101	3	0	0	3	0	0	0	226	15	31	22	8	5
3371016	0	1	1	0	12	4	13	0	0	211	2	0	0	2	0	0	0	199	13	24	15	8	9
337173	0	1	1	0	15	4	11	0	0	29	1	0	0	3	0	0	0	241	17	13	15	12	7
337179	0	1	1	0	14	5	8	0	0	20	2	0	0	3	0	0	0	237	14	15	15	9	3
337451	0	0	0	0	1	2	2	0	0	0	5	0	0	2	0	0	0	0	0	0	1	0	0
337641	0	1	1	0	25	9	18	0	0	0	3	0	0	3	4	11	1	412	23	46	27	13	1
339359	1	0	0	3	3	1	1	0	0	0	3	1	1	1	0	0	1	0	0	0	0	0	0
3402493	0	1	0	0	6	3	3	7	0	0	3	0	0	3	0	0	0	64	8	6	9	4	0
340414	0	0	0	1	3	1	1	0	0	0	3	1	1	1	0	0	3	0	0	0	0	0	0
341454	1	0	0	1	3	1	1	0	0	0	3	1	1	1	0	0	1	0	0	0	0	0	0
341663	1	0	0	1	3	1	1	0	0	0	3	1	1	1	0	0	1	0	0	0	0	0	0
342381	0	1	1	0	14	4	9	0	0	34	2	0	0	3	0	0	0	249	18	16	15	11	1
342668	2	0	0	2	4	1	1	0	0	0	4	1	1	1	0	0	6	0	0	0	0	0	0
34275	0	0	0	0	2	4	13	0	0	0	22	0	0	3	0	0	2	0	0	0	0	0	0
343691	0	0	0	0	7	3	3	8	0	0	4	0	0	3	0	0	0	87	5	5	10	5	0
34407	1	0	0	6	3	1	1	0	0	0	3	1	1	1	0	0	2	0	0	0	0	0	0
344612	1	0	0	0	3	1	1	0	0	0	3	1	1	1	0	0	2	0	0	0	0	0	0
34504	0	0	0	0	20	5	3	0	0	0	5	0	0	3	0	0	0	86	1	0	4	7	0
34506	0	0	0	0	14	2	5	0	12	0	3	0	0	2	0	0	0	140	3	1	9	4	0
34508	0	0	0	0	17	3	3	0	45	0	6	0	0	6	0	0	0	247	4	2	9	4	0
345717	0	1	0	0	5	3	3	14	0	0	3	0	0	3	0	0	0	96	3	6	8	6	0
34632	0	0	0	0	4	4	4	18	0	0	2	0	0	2	0	0	0	147	12	7	10	5	0
34638	0	0	0	0	7	3	3	4	0	0	4	0	0	2	0	0	0	73	13	5	9	4	0
34720	0	1	0	0	5	3	4	12	0	0	3	0	0	3	0	0	0	67	5	4	9	5	0
347529	0	0	0	0	1	2	3	0	1	0	3	0	0	4	0	0	1	0	0	0	0	0	0
3476	0	0	0	0	1	1	3	0	0	0	5	0	0	1	0	0	1	0	0	0	0	0	0
34765	0	0	0	0	8	3	4	0	0	0	4	0	0	2	0	0	0	31	2	3	0	6	0
3483	0	0	0	0	2	1	4	0	0	0	10	0	0	2	0	0	2	0	0	0	0	0	0
34839	0	1	1	0	15	5	18	0	0	390	3	0	0	3	5	11	0	248	15	29	23	9	3
348720	0	1	0	0	8	3	4	12	0	0	5	0	0	3	0	0	0	96	3	7	9	5	0
34880	0	1	1	0	17	6	26	0	0	897	3	0	0	4	10	0	0	278	15	38	22	11	19
348802	1	0	0	2	4	1	1	0	0	0	4	1	1	1	0	0	1	0	0	0	0	0	0
34884	0	1	1	0	16	5	17	0	0	534	3	0	0	3	6	0	0	276	16	40	23	11	14
3494	0	0	0	0	2	1	2	0	0	0	9	0	0	1	0	0	2	0	0	0	0	0	0
34956	0	1	1	0	15	2	13	0	0	24	1	0	0	3	0	0	0	244	15	15	15	12	8
35019	0	1	0	0	17	5	14	0	0	297	3	0	0	2	1	103	0	280	18	25	39	11	0
352851	1	0	0	2	4	1	1	0	0	0	3	1	1	1	0	0	3	0	0	0	0	0	0
354080	1	0	0	4	7	1	1	0	0	0	3	1	1	1	0	0	4	0	0	0	0	0	0
354439	0	1	0	0	7	3	4	9	0	0	6	0	0	6	0	0	0	107	9	6	12	5	0
35525	0	1	0	0	5	3	5	11	0	0	10	0	0	2	0	0	0	134	6	8	17	3	0
355587	0	0	0	0	5	4	2	5	0	0	4	0	0	4	0	0	0	58	2	2	8	5	0
35572	0	0	0	0	10	3	4	8	0	0	5	0	0	3	0	0	0	81	6	9	10	6	0
35608	0	0	0	0	1	2	5	0	0	0	13	0	0	10	0	0	1	0	0	0	0	0	0
3562	0	0	0	0	1	1	4	0	0	0	5	0	0	2	0	0	1	0	0	0	0	0	0
35670	0	2	1	0	17	4	16	0	0	223	3	0	0	3	1	93	0	284	13	22	21	10	1
357074	0	1	1	0	12	4	9	0	0	27	2	0	0	3	0	0	0	216	12	14	12	9	5
35722	2	0	0	0	11	3	3	0	0	0	3	0	0	2	0	0	0	0	0	0	4	0	0
357466	0	0	0	0	1	2	3	0	0	0	6	0	0	3	0	0	1	0	0	0	1	0	0
357750	3	0	0	5	3	1	1	0	0	0	3	1	1	1	0	0	0	0	0	0	0	0	0
359342	1	0	0	5	3	1	1	0	0	0	3	1	0	1	0	0	2	0	0	0	0	0	0
36022	0	0	0	1	2	1	1	0	0	0	3	1	1	1	0	0	0	0	0	0	0	0	0
360224	0	1	1	0	12	4	11	0	0	33	2	0	0	3	0	0	0	241	13	19	16	10	4
36050	1	0	0	3	2	1	1	0	0	0	3	1	1	1	0	0	3	0	0	0	0	0	0
360622	0	0	0	0	2	10	3	0	0	0	10	0	0	6	0	0	1	0	0	0	0	0	0
36087	0	0	0	0	6	2	5	0	0	0	4	0	0	5	0	0	0	41	5	2	5	4	0
361077	11	0	0	0	12	1	1	1	0	0	3	0	0	1	0	0	8	0	0	0	10	0	0
36166	0	0	0	0	6	2	2	4	0	0	3	0	0	1	0	0	0	37	3	3	3	0	0
36200	0	1	0	0	25	7	11	0	0	56	4	0	0	3	2	6	0	316	25	30	33	5	1
36275	0	1	1	0	16	4	10	0	0	29	2	0	0	2	0	0	0	230	14	14	13	10	5
362788	0	0	0	0	2	2	3	0	0	0	4	0	0	2	0	0	2	0	0	0	0	0	0
36300	0	0	1	0	8	3	8	0	0	30	1	0	0	1	0	0	0	126	12	10	4	6	0
3634	0	0	0	0	1	1	3	0	0	0	9	0	0	4	0	0	0	0	0	0	0	0	0
3635	0	0	0	0	2	3	12	0	0	0	14	0	0	5	0	0	2	0	0	0	0	0	0
363769	0	1	1	0	12	4	10	0	0	41	2	0	0	3	0	0	0	247	14	14	14	12	3
3641	0	0	0	0	1	1	3	0	0	0	6	0	0	5	0	0	1	0	0	0	1	0	0
364589	0	1	1	0	17	4	11	0	0	93	4	0	0	3	0	0	0	267	19	21	19	11	2
364733	1	0	0	2	3	1	1	0	0	0	3	1	1	1	0	0	1	0	0	0	0	0	0
3656	0	0	0	0	1	1	6	0	0	0	5	0	0	1	0	0	1	0	0	0	1	0	0
3659	0	0	0	0	1	1	6	0	0	0	5	0	0	1	0	0	1	0	0	0	1	0	0
36596	0	0	0	0	1	1	4	0	0	0	10	0	0	3	0	0	1	0	0	0	1	0	0
3661	0	0	0	0	2	2	9	0	0	0	5	0	0	1	0	0	2	0	0	0	1	0	0
36643	1	0	0	1	3	1	1	0	0	0	3	1	1	1	0	0	1	0	0	0	0	0	0
366454	0	1	1	0	13	4	9	0	0	14	2	0	0	3	0	0	0	236	14	14	14	9	3
36646	1	0	0	0	2	1	1	0	0	0	4	1	1	1	0	0	1	0	0	0	0	0	0
36656	0	0	0	1	3	1	1	0	0	0	3	1	1	1	0	0	0	0	0	0	0	0	0
367110	1	0	0	1	3	1	1	0	0	0	3	1	1	1	0	0	3	0	0	0	0	0	0
3673	0	0	0	0	1	1	5	0	0	0	6	0	0	1	0	0	1	0	0	0	1	0	0
367368	0	1	0	0	17	4	15	0	0	245	2	0	0	3	1	0	0	342	19	28	24	11	10
3694	0	0	0	0	2	2	7	0	0	0	8	0	0	2	0	0	1	0	0	0	1	0	0
3696	0	0	0	0	2	2	5	0	0	0	6	0	0	2	0	0	1	0	0	0	0	0	0
369605	0	1	1	0	13	4	12	0	0	30	2	0	0	3	0	0	0	242	15	15	16	11	5
369639	0	1	1	0	26	9	23	0	0	1	3	0	0	3	4	12	1	310	23	69	31	6	0
36987	0	1	0	0	7	3	3	10	0	0	2	0	0	3	0	0	0	108	7	8	11	5	0
37003	0	1	1	0	26	8	23	0	0	76	3	0	0	4	4	43	0	504	23	42	38	13	0
3702	0	0	0	0	1	1	3	0	0	0	5	0	0	2	0	0	1	0	0	0	0	0	0
37032	0	1	1	0	15	5	19	0	0	636	3	0	0	3	6	0	0	255	15	32	22	10	12
37040	0	1	0	0	11	3	8	0	0	31	1	0	0	2	0	0	0	125	11	8	6	7	0
37042	0	1	1	0	12	3	9	0	0	67	2	0	0	3	0	0	0	248	15	13	14	10	1
37079	0	1	1	0	16	4	12	0	0	49	2	0	0	3	0	0	0	252	17	16	17	9	0
3708	0	0	0	0	1	2	7	0	0	0	9	0	0	10	0	0	1	0	0	0	0	0	0
37083	0	1	1	0	16	4	10	0	0	62	1	0	0	3	0	0	0	245	18	20	13	11	0
3711	0	0	0	0	1	3	3	0	0	0	7	0	0	6	0	0	1	0	0	0	0	0	0
371919	0	1	0	0	14	5	8	0	0	64	3	0	0	3	0	0	0	228	15	14	14	11	4
372326	0	1	1	0	16	4	10	0	0	59	3	0	0	2	0	0	0	256	17	22	21	9	0
3726	0	0	0	0	1	4	7	0	0	0	11	0	0	7	0	0	1	0	0	0	0	0	0
37293	0	1	1	0	18	5	20	0	0	104	3	0	0	3	0	0	0	220	15	30	22	9	2
374723	0	0	0	0	7	5	2	0	0	0	11	0	0	2	0	0	1	0	0	0	0	0	0
3750	0	0	0	0	3	2	7	0	0	0	12	0	0	5	0	0	2	0	0	0	0	0	0
3755	0	0	0	0	1	1	4	0	0	0	7	0	0	3	0	0	1	0	0	0	0	0	0
375764	0	1	1	0	29	7	23	0	0	137	4	0	0	3	5	35	0	529	25	41	42	16	2
3760	0	0	0	0	1	1	5	0	0	0	5	0	0	3	0	0	1	0	0	0	0	0	0
37610	0	1	1	0	14	4	9	0	0	27	2	0	0	3	0	0	0	239	15	15	15	9	4
376703	0	0	0	2	13	1	1	0	0	0	3	0	3	1	0	0	0	0	0	0	0	0	0
3775	0	0	0	0	1	1	3	0	0	0	7	0	0	1	0	0	1	0	0	0	0	0	0
379532	0	1	1	0	15	5	17	0	0	128	3	0	0	3	0	1	0	171	15	31	21	9	1
38082	0	0	0	0	2	1	1	0	0	0	3	1	1	1	0	0	0	0	0	0	0	0	0
381031	0	1	1	0	15	4	8	0	0	29	1	0	0	3	0	0	0	247	16	15	17	11	6
3816	0	0	0	0	1	2	8	0	0	0	6	0	0	1	0	0	1	0	0	0	0	0	0
3818	0	0	0	0	2	4	12	0	0	0	19	0	0	4	0	0	3	0	0	0	0	0	0
381881	0	1	1	0	14	4	9	0	0	27	2	0	0	3	0	0	0	238	17	16	16	10	4
3821	0	0	0	0	3	2	5	0	0	0	10	0	0	2	0	0	1	0	0	0	0	0	0
382315	0	1	1	0	12	3	11	0	0	63	1	0	0	3	0	0	0	258	14	14	14	10	2
3827	0	0	0	0	2	1	5	0	0	0	7	0	0	2	0	0	2	0	0	0	0	0	0
383855	2	0	0	4	3	1	1	0	0	0	3	1	1	1	0	0	0	0	0	0	0	0	0
38397	0	1	1	0	16	4	12	0	0	23	1	0	0	3	0	0	0	244	15	17	16	8	6
38414	0	0	0	0	6	2	4	0	0	0	16	0	0	4	0	0	0	0	0	0	0	0	0
38448	1	0	0	3	4	1	1	0	0	0	3	1	0	1	0	0	3	0	0	0	0	0	0
38457	0	0	0	3	3	1	1	0	0	0	3	1	0	1	0	0	1	0	0	0	0	0	0
3847	0	0	0	0	4	4	11	0	0	0	9	0	0	5	0	0	2	0	0	0	0	0	0
3848	0	0	0	0	4	4	12	0	0	0	8	0	0	6	0	0	2	0	0	0	0	0	0
38488	1	0	0	1	4	1	1	0	0	0	3	1	1	1	0	0	1	0	0	0	0	0	0
38626	0	1	1	0	16	5	16	0	0	825	3	0	0	3	42	19	0	311	15	33	24	11	31
38654	0	1	1	0	17	3	13	0	0	729	3	0	0	3	2	0	0	320	18	30	21	11	5
3870	0	0	0	0	2	3	7	0	0	0	16	0	0	3	0	0	2	0	0	0	0	0	0
387005	0	0	0	0	9	2	4	0	0	0	2	0	0	2	0	0	0	44	0	2	5	3	0
3871	0	0	0	0	2	2	5	0	0	0	10	0	0	2	0	0	0	0	0	0	0	0	0
38727	0	0	0	0	5	1	10	0	0	0	15	0	0	5	0	0	2	0	0	0	0	0	0
38744	0	0	0	0	10	4	3	0	0	0	3	0	0	3	0	0	0	69	3	1	3	5	0
38772	0	1	1	0	16	6	15	0	0	373	2	0	0	3	1	1	0	337	15	30	22	11	8
3880	0	0	0	0	2	1	5	0	0	0	11	0	0	6	0	0	1	0	0	0	0	0	0
3885	0	0	0	0	2	1	4	0	0	0	7	0	0	3	0	0	1	0	0	0	0	0	0
3888	0	0	0	0	9	1	6	0	0	0	12	0	0	5	0	0	1	0	0	0	0	0	0
388810	0	0	0	0	3	1	2	0	0	0	8	0	0	1	0	0	2	3	0	0	4	0	0
3900	0	0	0	0	2	1	2	0	0	0	4	0	0	5	0	0	1	0	0	0	0	0	0
390723	0	1	1	0	10	1	7	0	0	36	1	0	0	3	0	0	0	247	12	9	9	8	1
390850	0	0	0	0	52	2	12	0	130	0	20	0	0	103	0	0	0	416	9	0	22	8	0
390894	2	0	0	5	5	1	1	0	0	0	3	1	1	1	0	0	1	0	0	0	0	0	0
390896	2	0	0	4	5	1	1	0	0	0	3	1	1	1	0	0	1	0	0	0	0	0	0
391180	0	1	1	0	16	5	17	0	0	817	4	0	0	3	6	0	0	281	15	37	22	11	17
3914	0	0	0	0	2	1	3	0	0	0	8	0	0	1	0	0	1	0	0	0	0	0	0
3916	0	0	0	0	2	1	4	0	0	0	5	0	0	1	0	0	1	0	0	0	0	0	0
392030	0	0	0	0	13	5	8	5	0	0	9	0	0	4	0	0	0	428	7	8	19	4	0
392032	0	0	0	0	12	4	8	5	0	0	4	0	0	5	0	0	0	437	6	7	19	6	0
392033	0	0	0	0	14	7	15	6	0	0	16	0	0	9	0	0	0	765	9	14	32	4	0
39272	0	1	0	0	6	3	4	74	0	0	5	0	0	4	0	0	0	197	20	7	10	4	0
39325	0	0	0	0	1	1	1	0	0	0	10	0	0	3	0	0	1	0	0	0	0	0	0
39432	0	1	1	0	15	5	19	0	0	82	3	0	0	3	0	0	0	205	15	29	22	6	3
395501	0	0	0	0	5	2	1	3	0	0	1	0	0	3	0	0	0	56	0	2	9	2	0
39617	0	1	1	0	15	4	13	0	0	32	2	0	0	3	0	0	0	246	16	18	16	10	4
39621	0	1	2	0	14	5	7	0	0	23	2	0	0	3	0	0	0	229	13	11	12	11	5
3981	0	0	0	0	2	2	3	0	0	0	8	0	0	12	0	0	0	0	0	0	0	0	0
3983	0	0	0	0	2	2	8	0	0	0	5	0	0	2	0	0	1	0	0	0	0	0	0
398673	1	0	0	1	3	1	1	0	0	0	3	1	1	1	0	0	4	0	0	0	0	0	0
3988	0	0	0	0	1	1	3	0	0	0	12	0	0	3	0	0	1	0	0	0	0	0	0
399045	0	1	0	0	7	4	3	6	0	0	3	0	0	2	0	0	0	61	1	10	6	4	0
39946	0	0	0	0	2	1	2	0	0	0	7	0	0	3	0	0	1	0	0	0	0	0	0
39947	0	0	0	0	3	1	3	0	0	0	4	0	0	3	0	0	1	0	0	0	0	0	0
39966	0	0	0	1	16	1	2	0	0	0	3	0	8	1	0	0	0	0	0	0	0	0	0
400682	0	1	15	0	6	2	2	0	0	0	6	0	0	1	0	0	1	83	0	62	50	4	0
400727	0	0	2	0	10	2	4	8	0	0	3	0	0	2	0	1	0	331	17	16	23	5	0
40085	0	1	0	0	5	3	3	10	0	0	3	0	0	3	0	0	0	88	6	4	9	5	0
40147	0	3	0	0	20	5	25	0	0	42	5	0	0	5	5	0	2	605	28	55	31	12	8
40148	0	0	0	0	3	1	1	0	0	0	6	0	0	3	0	0	1	0	0	0	0	0	0
40151	0	1	1	0	17	5	14	0	0	73	4	0	0	3	1	0	0	236	16	18	19	11	3
40157	0	1	1	0	14	4	13	0	0	8	4	0	0	3	0	0	0	233	16	19	20	10	2
401625	0	0	0	0	4	1	1	0	0	0	3	0	2	1	0	0	0	0	0	0	0	0	0
40199	1	0	0	4	3	1	1	0	0	0	4	1	1	1	0	0	4	0	0	0	0	0	0
40210	0	1	0	0	9	2	5	0	0	18	1	0	0	3	0	0	0	188	5	4	5	6	3
40217	0	1	1	0	13	5	13	0	0	21	2	0	0	3	0	0	0	249	17	19	18	8	7
4024	0	0	0	0	1	1	4	0	0	0	5	0	0	2	0	0	1	0	0	0	0	0	0
402998	0	0	0	0	4	2	5	0	0	0	4	0	0	7	0	0	2	0	0	0	1	0	0
40348	0	0	0	0	19	2	3	0	10	0	10	0	0	2	0	0	0	77	2	2	6	4	0
403673	0	0	0	0	9	1	2	0	0	0	3	0	0	1	0	0	1	1	0	0	4	0	0
403677	0	0	0	0	1	1	1	0	0	0	3	0	0	3	0	0	4	0	0	0	4	0	0
405034	0	1	0	0	6	3	3	11	0	0	4	0	0	3	0	0	0	92	4	5	9	5	0
40658	1	0	0	2	3	1	1	0	0	0	3	1	1	1	0	0	2	0	0	0	0	0	0
40686	0	0	0	0	1	2	3	0	0	0	6	0	0	2	0	0	1	0	0	0	0	0	0
40697	0	0	0	0	7	2	2	2	0	0	3	0	0	2	0	0	0	87	6	4	10	4	0
407009	0	1	0	0	5	3	2	9	0	0	3	0	0	3	0	0	0	119	6	4	17	5	0
407821	0	1	0	0	9	2	3	12	0	0	8	0	0	4	0	0	0	107	11	13	14	5	0
4081	0	0	0	0	2	1	2	0	0	0	5	0	0	2	0	0	1	0	0	0	0	0	0
4096	0	0	0	0	1	2	3	0	0	0	5	0	0	2	0	0	1	0	0	0	1	0	0
4097	0	0	0	0	2	6	5	0	0	0	11	0	0	4	0	0	2	0	0	0	1	0	0
40994	1	0	0	2	3	1	1	0	0	0	3	1	1	1	0	0	2	0	0	0	0	0	0
40998	1	0	0	5	3	1	1	0	0	0	3	1	1	1	0	0	1	0	0	0	0	0	0
41045	0	0	0	0	1	1	1	0	0	0	3	0	0	3	0	0	5	0	0	0	8	0	0
41062	1	0	0	0	3	1	1	0	0	0	3	1	1	1	0	0	2	0	0	0	0	0	0
41067	1	0	0	0	3	1	1	0	0	0	3	1	1	1	0	0	2	0	0	0	0	0	0
4109	0	0	0	0	1	1	4	0	0	0	5	0	0	2	0	0	0	0	0	0	1	0	0
4113	0	0	0	0	2	2	3	0	0	0	5	0	0	1	0	0	2	0	0	0	0	0	0
41210	0	1	0	0	6	2	1	7	0	0	5	0	0	3	0	0	0	49	3	3	3	1	0
413071	1	0	0	1	3	1	1	0	0	0	3	1	1	1	0	0	4	0	0	0	0	0	0
4155	0	0	0	0	1	1	2	0	0	0	6	0	0	2	0	0	1	0	0	0	0	0	0
416441	0	0	0	1	18	1	2	0	0	0	4	0	3	1	0	0	0	0	0	0	0	0	0
416450	1	0	0	1	3	1	1	0	0	0	1	1	1	1	0	0	1	0	0	0	0	0	0
41688	1	0	0	2	3	1	1	0	0	0	3	0	1	1	0	0	4	0	0	0	0	0	0
4170	0	0	0	0	2	2	2	0	0	0	10	0	0	3	0	0	1	0	0	0	0	0	0
417176	0	0	0	0	2	1	1	0	0	0	2	0	0	1	0	0	0	0	0	0	10	0	0
417178	0	0	0	0	2	1	1	0	0	0	3	0	0	1	0	0	0	0	0	0	9	0	0
417184	0	0	0	0	2	1	1	0	0	0	3	0	0	1	0	0	0	1	0	0	0	0	0
41803	0	0	0	0	1	1	1	0	0	0	6	0	0	1	0	0	1	0	0	0	0	0	0
41804	5	0	0	0	8	2	3	0	0	0	3	0	0	1	0	0	0	0	0	0	4	0	0
4182	0	0	0	0	1	2	5	0	0	0	5	0	0	4	0	0	1	0	0	0	1	0	0
418459	0	0	0	3	4	1	1	0	0	0	3	0	3	1	0	0	0	0	0	0	0	0	0
418781	3	0	0	4	3	1	1	0	0	0	3	1	1	1	0	0	0	0	0	0	0	0	0
418985	0	0	0	0	6	3	5	2	0	0	3	0	0	4	0	0	0	80	5	5	10	4	0
419690	0	1	1	0	14	4	12	0	0	36	2	0	0	3	0	0	0	245	17	12	15	11	10
41984	1	0	0	2	4	1	1	0	0	0	3	1	1	1	0	0	1	0	0	0	0	0	0
41990	1	0	0	2	3	1	1	0	0	0	3	1	1	1	0	0	2	0	0	0	0	0	0
42100	0	1	1	0	15	4	17	0	0	65	3	0	0	3	1	0	0	243	15	24	18	9	3
4212	0	0	0	0	2	4	4	0	0	0	7	0	0	5	0	0	2	0	0	0	0	0	0
42155	0	0	0	0	13	2	5	0	0	0	5	0	0	2	0	0	0	71	1	1	5	5	0
42156	0	0	0	0	8	2	4	0	0	0	3	0	0	2	0	0	0	37	1	2	6	4	0
42157	0	0	0	0	12	4	5	0	0	0	3	0	0	2	0	0	0	59	2	2	7	6	0
42192	0	2	13	0	11	2	2	23	0	1	3	0	0	2	0	0	1	664	23	47	18	4	0
42229	0	0	0	0	1	2	4	0	0	0	4	0	0	2	0	0	1	0	0	0	0	0	0
42249	1	0	0	2	3	1	1	0	0	0	4	1	1	1	0	0	1	0	0	0	0	0	0
42251	0	0	0	2	3	1	1	0	0	0	5	1	1	1	0	0	1	0	0	0	0	0	0
422564	0	0	0	0	5	2	3	0	0	0	14	0	0	5	0	0	1	0	0	0	0	0	0
42260	0	0	0	1	2	1	1	0	0	0	3	1	1	1	0	0	0	0	0	0	0	0	0
4232	0	0	0	0	2	4	8	0	0	0	19	0	0	6	0	0	1	0	0	0	0	0	0
42345	0	0	0	0	2	2	3	0	0	0	6	0	0	3	0	0	1	0	0	0	1	0	0
4236	0	0	0	0	1	2	3	0	0	0	8	0	0	4	0	0	1	0	0	0	0	0	0
425635	0	1	1	0	16	4	13	0	0	87	2	0	0	3	0	0	0	280	17	21	18	11	3
425643	0	1	1	0	13	4	9	0	0	65	2	0	0	3	0	0	0	258	16	20	16	10	2
426418	1	0	0	4	4	1	1	0	0	0	3	1	2	1	0	0	1	0	0	0	0	0	0
426428	1	0	0	6	4	1	1	0	0	0	2	1	1	1	0	0	7	0	0	0	0	0	0
42672	0	0	0	3	6	1	1	0	0	0	3	1	1	1	0	0	4	0	0	0	0	0	0
42673	1	0	0	4	4	1	1	0	0	0	4	1	1	1	0	0	4	0	0	0	0	0	0
42677	1	0	0	3	5	1	1	0	0	0	3	1	1	1	0	0	3	0	0	0	0	0	0
42747	1	0	0	5	4	1	1	0	0	0	3	1	1	1	0	0	4	0	0	0	0	0	0
429701	0	0	0	0	1	1	5	0	0	0	5	0	0	2	0	0	1	0	0	0	0	0	0
43049	0	0	0	1	4	1	1	0	0	0	3	0	1	1	0	0	0	0	0	0	0	0	0
431241	1	0	0	1	3	1	1	0	0	0	3	1	1	1	0	0	4	0	0	0	0	0	0
43150	0	1	1	0	15	4	12	0	0	25	2	0	0	3	0	0	0	245	16	19	14	11	5
43151	0	1	0	0	7	4	5	7	0	0	3	0	0	3	0	0	0	67	5	3	8	6	0
43179	0	1	1	0	16	5	19	0	0	732	3	0	0	3	4	1	0	270	16	33	23	11	8
43265	1	0	0	0	3	1	1	0	0	0	3	1	1	1	0	0	1	0	0	0	0	0	0
43316	0	1	1	0	11	4	12	0	0	79	2	0	0	3	0	0	0	252	16	15	14	8	1
43335	0	0	0	0	2	2	7	0	0	0	6	0	0	2	0	0	1	0	0	0	1	0	0
43346	0	1	1	0	16	5	17	0	0	1154	3	0	0	4	12	0	0	279	15	35	25	11	23
433684	0	1	1	0	24	8	18	0	0	34	3	0	0	4	2	18	1	409	23	35	35	12	5
433685	0	1	1	0	23	9	10	0	0	3	3	0	0	1	1	0	1	329	24	29	33	12	0
433720	0	0	0	0	24	5	15	9	0	0	6	0	0	6	0	0	0	1802	9	10	34	6	0
436907	0	0	0	1	2	1	1	0	0	0	4	2	1	1	0	0	0	0	0	0	0	0	0
43782	0	0	0	0	2	1	5	0	0	0	7	0	0	2	0	0	1	0	0	0	0	0	0
438768	1	0	0	3	4	1	1	0	0	0	3	1	1	2	0	0	4	0	0	0	0	0	0
43982	0	0	0	1	2	1	1	0	0	0	7	1	1	1	0	0	0	0	0	0	0	0	0
441366	0	1	1	0	23	8	20	0	0	44	3	0	0	3	5	14	0	473	22	32	37	14	2
441696	0	1	1	0	15	4	8	0	0	27	1	0	0	3	0	0	0	244	15	16	16	11	4
441894	0	1	1	0	13	3	10	0	0	16	1	0	0	2	0	0	0	151	12	16	13	6	0
441921	0	1	0	0	6	3	5	11	0	0	3	0	0	3	0	0	0	81	5	4	12	5	0
441959	1	0	0	0	3	1	1	0	0	0	3	1	1	1	0	0	2	0	0	0	0	0	0
441960	1	0	0	1	3	1	1	0	0	0	3	1	1	1	0	0	3	0	0	0	0	0	0
44316	0	1	0	0	18	3	9	0	0	12	3	0	0	2	0	0	0	220	19	16	19	10	1
4432	0	0	0	0	2	2	5	0	0	0	5	0	0	2	0	0	1	0	0	0	2	0	0
443226	1	0	0	0	3	1	1	0	0	0	3	1	1	1	0	0	1	0	0	0	0	0	0
44386	0	0	0	0	6	3	3	19	0	0	4	0	0	3	0	0	0	135	6	3	9	5	0
44394	0	1	1	0	14	4	11	0	0	21	2	0	0	3	0	0	0	230	16	18	15	9	10
44397	0	1	1	0	15	5	10	0	0	99	2	0	0	3	0	0	0	238	14	18	14	9	10
44412	0	0	0	5	5	1	1	0	0	0	3	1	1	1	0	0	4	0	0	0	0	0	0
4442	0	0	0	0	1	2	1	0	0	0	8	0	0	1	0	0	1	0	0	0	0	0	0
44442	1	0	0	0	9	2	4	0	0	0	3	0	0	1	0	0	0	0	0	0	4	0	0
444603	0	1	0	0	7	3	3	11	0	0	3	0	0	3	0	0	0	75	7	5	9	3	0
444605	0	0	0	0	2	2	7	0	0	0	4	0	0	1	0	0	0	0	0	0	1	0	0
445787	0	2	1	0	14	4	15	0	0	271	3	0	0	3	19	90	0	369	17	28	34	11	47
44689	25	0	0	0	12	1	1	1	0	0	3	0	0	1	0	0	10	0	0	0	17	0	0
447093	1	0	0	1	2	1	1	0	0	0	3	1	1	1	0	0	0	0	0	0	0	0	0
447962	1	0	0	0	26	2	2	0	0	0	3	0	0	1	0	0	2	4	0	0	19	0	0
448051	1	0	0	1	4	1	1	0	0	0	3	1	1	1	0	0	1	0	0	0	0	0	0
449367	0	1	1	0	15	4	9	0	0	31	2	0	0	3	0	0	0	235	13	12	13	10	6
449384	0	1	1	0	14	4	11	0	0	24	2	0	0	3	0	0	0	236	14	14	15	10	4
44941	2	0	0	0	9	1	3	0	0	0	4	0	2	1	0	0	0	0	0	0	0	0	0
449594	0	1	1	0	14	5	11	0	0	25	2	0	0	3	0	0	0	244	17	15	16	11	3
450177	0	1	1	0	14	5	10	0	0	26	1	0	0	3	0	0	0	245	16	14	16	9	8
45130	1	0	0	4	4	1	1	0	0	0	3	1	1	1	0	0	1	0	0	0	0	0	0
45133	3	0	0	7	3	1	1	0	0	0	3	1	1	2	0	0	1	0	0	0	0	0	0
45151	1	0	0	4	4	1	1	0	0	0	3	1	1	1	0	0	1	0	0	0	0	0	0
4521	0	0	0	0	2	1	1	0	0	0	9	0	0	4	0	0	1	0	0	0	0	0	0
452589	1	0	0	1	3	1	1	0	0	0	3	1	1	1	0	0	4	0	0	0	0	0	0
452646	0	1	1	0	17	6	21	0	0	651	3	0	0	3	3	0	0	264	15	33	22	9	14
4529	0	0	0	0	3	1	1	0	0	0	7	0	0	3	0	0	1	0	0	0	0	0	0
4533	0	0	0	0	2	1	4	0	0	0	6	0	0	3	0	0	1	0	0	0	0	0	0
45351	0	1	4	0	7	2	4	18	0	0	5	0	0	1	0	0	0	1056	0	29	38	6	0
45354	0	0	0	1	2	1	1	0	0	0	3	1	1	1	0	0	0	0	0	0	0	0	0
45357	0	0	0	1	2	1	1	0	0	0	3	1	1	1	0	0	0	0	0	0	0	0	0
4536	0	0	0	0	3	1	1	0	0	0	8	0	0	3	0	0	1	0	0	0	0	0	0
4537	0	0	0	0	2	1	1	0	0	0	7	0	0	5	0	0	1	0	0	0	0	0	0
4540	0	0	0	0	5	2	6	0	0	0	16	0	0	6	0	0	1	0	0	0	0	0	0
454130	2	0	0	2	3	1	1	0	0	0	3	1	1	1	0	0	2	0	0	0	0	0	0
45428	1	0	0	4	3	1	1	0	0	0	3	1	1	1	0	0	2	0	0	0	0	0	0
454286	0	0	0	0	4	1	1	0	0	0	4	1	1	1	0	0	2	0	0	0	0	0	0
45464	0	0	0	0	23	3	2	0	11	0	12	0	0	3	0	0	0	113	5	0	4	5	0
4555	0	0	0	0	4	1	2	0	0	0	7	0	0	4	0	0	1	0	0	0	0	0	0
4556	0	0	0	0	5	1	4	0	0	0	7	0	0	5	0	0	1	0	0	0	0	0	0
4558	0	0	0	0	2	1	5	0	0	0	6	0	0	4	0	0	1	0	0	0	0	0	0
456388	0	1	1	0	13	5	10	0	0	19	2	0	0	2	0	0	0	243	13	13	16	10	4
4565	0	0	0	0	7	2	5	0	0	0	31	0	0	7	0	0	3	0	0	0	0	0	0
4567	0	0	0	0	5	1	2	0	0	0	15	0	0	4	0	0	2	0	0	0	0	0	0
456900	0	1	0	0	5	3	4	11	0	0	2	0	0	3	0	0	0	67	4	3	10	4	0
456999	0	0	0	3	10	1	1	0	0	0	2	0	9	1	0	0	0	0	0	0	0	0	0
4572	0	0	0	0	2	1	1	0	0	0	9	0	0	3	0	0	1	0	0	0	0	0	0
4577	0	0	0	0	2	1	4	0	0	0	8	0	0	4	0	0	1	0	0	0	0	0	0
45807	0	1	1	0	15	4	9	0	0	27	1	0	0	3	0	0	0	237	15	16	15	11	3
458187	0	1	1	0	16	4	9	0	0	55	2	0	0	3	0	0	0	241	19	20	16	10	1
458190	0	1	1	0	14	4	9	0	0	78	3	0	0	3	0	0	0	254	16	13	15	10	3
458196	0	1	1	0	13	5	11	0	0	17	1	0	0	3	0	0	0	239	16	14	17	10	1
458696	0	0	0	0	1	2	1	0	0	0	5	0	0	3	0	0	1	0	0	0	0	0	0
45882	0	0	0	0	6	1	4	0	0	0	3	0	0	2	0	0	0	42	5	1	6	5	0
45954	0	1	20	0	13	2	8	24	0	0	9	0	0	1	0	0	2	922	21	85	39	7	0
460523	0	0	0	1	2	1	1	0	0	0	3	1	1	1	0	0	0	0	0	0	0	0	0
461220	0	1	1	0	14	4	9	0	0	24	2	0	0	3	0	0	0	237	14	13	14	11	3
461239	0	1	1	0	15	4	12	0	0	34	3	0	0	3	0	0	0	244	15	13	18	10	2
461245	0	1	1	0	14	4	11	0	0	27	2	0	0	3	0	0	0	243	15	14	14	10	4
4615	0	0	0	0	2	2	3	0	0	0	5	0	0	1	0	0	1	0	0	0	1	0	0
46245	0	0	0	0	6	3	5	9	0	0	3	0	0	6	0	0	0	75	5	4	10	5	0
463165	0	1	1	0	13	4	10	0	0	26	1	0	0	3	0	0	0	249	17	12	14	10	3
46360	0	0	1	0	15	5	8	0	0	22	2	0	0	2	4	0	0	137	15	23	15	5	1
46514	0	1	0	0	10	3	2	48	0	0	3	0	0	3	0	2	1	1154	9	105	77	5	0
465554	0	0	0	0	15	3	3	0	90	0	3	0	0	3	0	0	0	135	4	0	7	3	0
46634	5	0	0	5	6	2	1	0	0	0	9	1	2	2	0	0	0	0	0	0	0	0	0
46731	0	0	6	0	7	3	5	9	0	0	3	0	0	1	0	0	1	1018	6	54	55	5	0
467358	0	1	0	0	8	3	3	8	0	0	4	0	0	3	0	0	0	68	7	4	8	6	0
46835	0	0	0	0	13	4	3	0	0	0	4	0	0	3	0	0	0	103	2	0	3	5	0
4686	0	0	0	0	1	3	1	0	0	0	5	0	0	2	0	0	0	0	0	0	0	0	0
46969	0	0	0	0	1	2	1	0	0	0	7	0	0	2	0	0	1	0	0	0	1	0	0
470096	1	0	0	2	4	1	1	0	0	0	3	1	1	1	0	0	1	0	0	0	0	0	0
471704	0	1	0	0	5	3	4	13	0	0	3	0	0	3	0	0	0	70	5	3	9	5	0
47308	0	1	1	0	25	8	20	0	0	79	2	0	0	3	4	25	0	487	21	37	39	14	0
47425	0	0	0	5	23	1	2	0	0	0	3	0	8	1	0	0	0	0	0	0	0	0	0
47427	0	0	0	7	21	1	2	0	0	0	3	0	6	1	0	0	0	0	0	0	0	0	0
47428	0	0	0	6	20	1	1	0	0	0	3	0	6	1	0	0	0	0	0	0	0	0	0
474922	1	0	0	5	3	1	1	0	0	0	3	1	1	1	0	0	2	0	0	0	0	0	0
47600	0	0	0	0	1	2	4	0	0	0	6	0	0	2	0	0	0	0	0	0	0	0	0
47602	0	0	0	0	1	2	6	0	0	0	10	0	0	1	0	0	1	0	0	0	0	0	0
47621	0	0	0	0	1	2	4	0	0	0	7	0	0	3	0	0	1	0	0	0	0	0	0
47692	0	1	1	0	13	5	12	0	0	37	2	0	0	3	0	0	0	249	16	18	17	10	8
47695	0	1	1	0	14	4	10	0	0	25	2	0	0	3	0	0	0	244	16	18	17	10	8
47721	0	0	0	1	18	1	1	0	0	0	3	0	6	1	0	0	0	0	0	0	0	0	0
47803	1	0	0	3	3	1	1	0	0	0	4	1	1	1	0	0	4	0	0	0	0	0	0
4781	0	0	0	0	1	1	1	0	0	0	3	0	0	3	0	0	2	0	0	0	0	0	0
4787	0	0	0	0	1	1	2	0	0	0	3	0	0	3	0	0	5	0	0	0	4	0	0
4795	0	0	0	0	1	1	1	0	0	0	3	0	0	4	0	0	3	0	0	0	2	0	0
4796	0	0	0	0	1	1	1	0	0	0	2	0	0	5	0	0	3	0	0	0	1	0	0
47969	0	1	1	0	28	8	23	0	0	171	3	0	0	4	4	61	0	611	26	51	45	14	1
48097	1	0	0	3	4	1	1	0	0	0	3	2	1	1	0	0	1	0	0	0	0	0	0
48140	0	0	0	2	14	1	2	0	0	0	3	0	5	1	0	0	0	0	0	0	0	0	0
481459	0	1	1	0	30	8	21	0	0	82	3	0	0	4	4	14	0	449	23	35	40	14	2
48155	0	1	1	0	15	5	9	0	0	15	1	0	0	3	0	0	0	232	14	18	14	10	6
481883	0	2	1	0	17	5	16	0	0	749	3	0	0	3	2	328	0	352	18	29	33	11	8
48254	0	0	0	1	2	1	1	0	0	0	3	1	1	1	0	0	0	0	0	0	0	0	0
48269	0	0	0	0	10	5	4	0	0	0	3	0	0	3	0	0	0	84	3	0	3	6	0
48278	0	1	1	0	15	5	8	0	0	61	1	0	0	3	0	0	0	246	13	14	15	11	0
4829	1	0	0	0	21	6	3	0	0	0	4	0	0	2	0	0	0	0	0	0	5	0	0
48396	0	1	1	0	17	4	8	0	0	65	2	0	0	3	0	0	0	237	17	20	16	10	1
48426	0	1	1	0	11	4	12	0	0	63	2	0	0	3	0	0	0	246	17	17	15	11	0
48427	0	1	1	0	15	4	11	0	0	66	2	0	0	3	0	0	0	256	17	19	13	10	0
48435	0	1	1	0	17	4	12	0	0	66	1	0	0	3	0	0	0	245	15	19	14	10	1
485398	1	0	0	3	4	1	1	0	0	0	3	1	1	1	0	0	3	0	0	0	0	0	0
48579	0	0	0	0	15	1	2	0	0	0	6	0	9	1	0	0	0	0	0	0	0	0	0
48587	0	0	0	0	12	1	2	0	0	0	3	0	5	1	0	0	0	0	0	0	0	0	0
48697	0	0	0	2	3	1	1	0	0	0	3	1	1	1	0	0	2	0	0	0	0	0	0
48698	0	1	1	0	29	8	19	0	0	67	5	0	0	3	4	25	1	522	24	49	40	13	1
48709	0	1	0	0	5	3	2	19	0	0	3	0	0	3	0	0	0	168	14	3	10	3	0
4874	3	0	0	1	5	1	2	0	0	0	4	0	2	1	0	0	0	0	0	0	0	0	0
48799	0	0	0	0	11	2	4	0	0	0	3	0	0	2	0	0	0	56	3	2	7	4	0
48865	1	0	0	5	5	1	1	0	0	0	3	1	1	1	0	0	4	0	0	0	0	0	0
48883	0	1	1	0	16	4	11	0	0	25	3	0	0	3	0	0	0	256	17	23	18	11	8
48891	0	1	1	0	15	4	8	0	0	23	2	0	0	3	0	0	0	240	16	21	16	11	2
490622	1	0	0	2	3	1	1	0	0	0	3	1	1	1	0	0	2	0	0	0	0	0	0
4909	0	0	0	1	2	1	1	0	0	0	3	1	1	1	0	0	0	0	0	0	0	0	0
49390	0	0	0	0	1	1	3	0	0	0	6	0	0	3	0	0	1	0	0	0	0	0	0
49495	0	0	0	0	1	2	1	0	0	0	10	0	0	2	0	0	1	0	0	0	1	0	0
4950	0	0	0	1	2	1	1	0	0	0	3	1	1	1	0	0	0	0	0	0	0	0	0
495162	0	1	1	0	15	4	11	0	0	32	2	0	0	3	0	0	0	242	14	18	18	11	2
495285	0	0	0	0	17	1	1	0	0	0	13	0	5	2	0	0	0	0	0	0	0	0	0
4955	0	0	0	1	2	1	1	0	0	0	3	1	1	1	0	0	0	0	0	0	0	0	0
495550	0	0	1	0	16	8	12	0	0	10	3	0	0	2	5	22	1	434	12	24	19	13	2
4972	0	0	0	0	3	1	2	0	0	0	3	0	2	1	0	0	0	0	0	0	0	0	0
498019	0	0	0	1	2	1	1	0	0	0	3	1	1	1	0	0	0	0	0	0	0	0	0
4999	0	0	0	1	3	1	2	0	0	0	3	0	0	1	0	0	0	0	0	0	0	0	0
499986	0	0	0	0	2	1	4	0	0	0	4	0	0	3	0	0	1	0	0	0	0	0	0
500485	0	0	0	1	4	1	1	0	0	0	3	1	1	1	0	0	2	0	0	0	0	0	0
5007	0	0	0	1	1	1	1	0	0	0	2	1	1	1	0	0	0	0	0	0	0	0	0
5025	0	0	0	4	3	1	1	0	0	0	3	1	1	1	0	0	0	0	0	0	0	0	0
50251	0	1	0	0	16	4	7	0	0	20	1	0	0	3	0	0	0	236	17	16	15	11	5
502779	1	0	0	1	3	1	1	0	0	0	3	1	1	1	0	0	1	0	0	0	0	0	0
502780	1	0	0	2	3	1	1	0	0	0	3	1	1	1	0	0	1	0	0	0	0	0	0
50376	1	0	0	3	3	1	1	0	0	0	3	1	1	1	0	0	0	0	0	0	0	0	0
50390	0	1	0	0	8	2	3	8	0	0	4	0	0	3	0	0	0	84	11	7	11	5	0
50402	0	1	0	0	16	3	12	0	0	75	2	0	0	2	0	0	0	204	15	14	13	11	2
50429	0	0	7	0	6	3	2	5	0	0	4	0	0	1	0	0	2	337	5	59	46	4	0
5046	1	0	0	2	3	1	1	0	0	0	3	1	1	1	0	0	2	0	0	0	0	0	0
506608	0	1	0	0	5	3	4	8	0	0	4	0	0	3	0	0	0	76	6	3	8	3	0
5067	1	0	0	2	4	1	1	0	0	0	3	1	1	1	0	0	1	0	0	0	0	0	0
50730	2	0	0	3	4	1	1	0	0	0	3	1	1	1	0	0	1	0	0	0	0	0	0
5074	1	0	0	1	4	1	1	0	0	0	3	1	1	1	0	0	1	0	0	0	0	0	0
5077	1	0	0	3	4	1	1	0	0	0	4	1	1	1	0	0	2	0	0	0	0	0	0
5078	1	0	0	0	3	1	1	0	0	0	3	1	1	1	0	0	3	0	0	0	0	0	0
5083	1	0	0	3	2	1	1	0	0	0	3	1	1	1	0	0	6	0	0	0	0	0	0
5098	1	0	0	1	3	1	1	0	0	0	3	1	1	1	0	0	1	0	0	0	0	0	0
50990	0	0	0	3	17	1	2	0	0	0	4	0	58	1	0	0	0	0	0	0	0	0	0
51022	0	0	0	0	32	2	4	0	12	0	11	0	0	4	0	0	0	120	1	4	8	7	0
51028	0	0	0	0	10	2	3	0	1	0	3	0	0	2	0	0	0	57	2	2	8	4	0
51031	0	0	0	0	16	2	4	0	11	0	6	0	0	3	0	0	0	106	2	1	6	5	0
51154	0	1	1	0	17	5	17	0	0	671	3	0	0	3	12	0	0	265	15	32	22	11	14
51239	0	0	0	0	1	2	1	0	0	0	5	0	0	4	0	0	0	0	0	0	0	0	0
51240	0	0	0	0	1	2	8	0	0	0	5	0	0	3	0	0	2	0	0	0	0	0	0
51298	0	1	1	0	17	5	16	0	0	231	3	0	0	3	0	0	0	242	15	30	21	10	12
51337	0	1	1	0	18	5	20	0	0	152	3	0	0	5	4	2	0	220	15	27	20	10	3
51338	0	0	1	0	19	5	16	0	0	931	3	0	0	3	14	1	0	294	16	35	29	12	31
51543	0	1	0	0	5	3	3	6	0	0	3	0	0	3	0	0	0	64	6	3	11	5	0
515849	1	0	0	2	6	1	1	0	0	0	3	1	1	2	0	0	4	0	0	0	0	0	0
51605	0	0	0	0	1	2	2	0	0	0	4	0	0	2	0	0	1	0	0	0	1	0	0
51637	0	0	0	0	32	4	2	0	0	0	3	0	0	1	0	0	1	0	0	0	2	0	0
51655	0	1	0	0	10	3	4	8	0	0	5	0	0	3	0	0	0	108	4	4	10	4	0
516989	1	0	0	3	4	1	1	0	0	0	3	1	1	2	0	0	3	0	0	0	0	0	0
51953	0	0	0	0	2	3	5	0	0	0	6	0	0	4	0	0	1	0	0	0	0	0	0
519963	1	0	0	0	3	1	1	0	0	0	3	1	1	1	0	0	2	0	0	0	0	0	0
520822	0	1	0	0	5	3	3	10	0	0	3	0	0	3	0	0	0	67	5	4	10	6	0
5210	0	0	0	1	3	1	1	0	0	0	3	0	2	1	0	0	0	1	0	0	0	0	0
5217	0	0	0	1	3	1	2	0	0	0	3	0	2	1	0	0	0	0	0	0	0	0	0
52247	0	0	0	1	2	1	1	0	0	0	3	1	1	1	0	0	0	0	0	0	0	0	0
52283	0	0	0	0	9	3	3	1	0	0	3	0	0	3	0	0	0	71	8	5	10	4	0
526221	0	0	0	1	2	1	1	0	0	0	3	1	1	1	0	0	2	0	0	0	0	0	0
52670	0	1	1	0	28	8	20	0	0	83	3	0	0	3	3	48	1	454	26	44	36	14	2
5270	0	0	0	0	4	1	1	0	0	0	3	0	1	1	0	0	0	0	0	0	0	0	0
52777	0	1	1	0	13	4	9	0	0	64	2	0	0	3	0	0	0	235	16	15	15	11	1
52824	0	0	0	0	2	2	9	0	0	0	18	0	0	13	0	0	5	0	0	0	0	0	0
52838	0	0	0	0	1	3	3	0	0	0	19	0	0	6	0	0	1	0	0	0	0	0	0
5288	0	0	0	1	7	1	1	0	0	0	3	0	1	1	0	0	0	0	0	0	0	0	0
52904	0	1	1	0	24	8	19	0	0	28	3	0	0	4	3	8	1	411	23	37	34	12	2
5322	0	0	0	6	13	1	1	0	0	0	5	0	9	1	0	0	0	0	0	0	0	0	0
5323	0	0	0	7	14	1	1	0	0	0	7	0	8	1	0	0	0	0	0	0	0	0	0
53326	0	0	0	0	19	2	4	0	63	0	4	0	0	3	0	0	0	189	3	2	9	4	0
53468	0	0	0	0	8	3	4	1	0	0	4	0	0	2	0	0	0	51	1	0	3	5	0
53620	0	1	0	0	9	2	5	4	0	0	4	0	0	2	0	0	1	478	9	8	25	5	0
5364	0	0	0	1	14	1	2	0	0	0	3	0	5	1	0	0	0	0	0	0	0	0	0
53985	0	0	0	0	1	1	1	0	0	0	3	0	0	3	0	0	5	0	0	0	4	0	0
53992	0	0	0	0	17	2	4	0	38	0	3	0	0	3	0	0	0	172	5	6	8	5	0
54017	0	1	1	0	12	3	9	0	0	65	1	0	0	3	0	0	0	245	12	12	15	11	1
54059	0	1	1	0	12	4	11	0	0	89	2	0	0	3	0	0	0	260	15	13	15	10	2
54092	0	0	0	1	2	1	1	0	0	0	3	1	1	1	0	0	0	0	0	0	0	0	0
54126	0	0	0	0	30	2	5	0	432	0	3	0	0	2	0	0	0	205	3	2	7	3	0
5418	0	0	0	2	3	1	1	0	0	0	3	0	2	1	0	0	0	0	0	0	0	0	0
543379	0	1	0	0	5	3	3	9	0	0	3	0	0	2	0	0	0	54	6	4	9	2	0
54343	0	1	1	0	21	5	15	0	0	19	3	0	0	1	2	2	0	279	13	31	24	8	0
54356	0	1	1	0	14	5	8	0	0	75	3	0	0	3	0	0	0	261	16	17	16	10	1
54359	0	1	1	0	15	4	8	0	0	68	2	0	0	3	0	0	0	251	18	21	15	11	2
54369	0	1	1	0	14	4	10	0	0	44	1	0	0	3	0	0	0	248	15	18	15	9	1
54374	0	1	0	0	9	1	8	0	0	16	2	0	0	3	0	0	0	138	9	7	11	5	1
54383	0	1	0	0	7	2	8	0	0	30	1	0	0	2	0	0	0	118	9	10	4	4	0
54386	0	1	1	0	12	4	10	0	0	48	1	0	0	3	0	0	0	255	15	19	16	8	1
544711	1	0	0	1	3	1	1	0	0	0	3	1	1	1	0	0	0	0	0	0	0	0	0
544712	1	0	0	1	3	1	1	0	0	0	2	1	1	1	0	0	0	0	0	0	0	0	0
544730	0	0	0	0	1	1	3	0	0	0	5	0	0	3	0	0	1	0	0	0	0	0	0
54508	0	1	1	0	12	4	9	0	0	54	1	0	0	3	0	0	0	250	13	12	14	10	1
545262	0	1	1	0	12	5	9	0	0	33	2	0	0	3	0	0	0	239	14	14	16	10	3
5454	1	0	0	3	4	1	1	0	0	0	3	1	1	1	0	0	1	0	0	0	0	0	0
5466	1	0	0	4	3	1	1	0	0	0	2	0	1	2	0	0	2	0	0	0	0	0	0
54673	1	0	0	2	3	1	1	0	0	0	4	1	1	1	0	0	2	0	0	0	0	0	0
546991	0	0	0	2	3	1	1	0	0	0	4	1	0	1	0	0	1	0	0	0	0	0	0
5476	0	0	0	1	2	1	1	0	0	0	3	1	1	1	0	0	0	0	0	0	0	0	0
5477	0	0	0	0	2	1	1	0	0	0	4	1	1	1	0	0	0	0	0	0	0	0	0
5481	0	0	0	1	2	1	1	0	0	0	3	1	0	1	0	0	0	0	0	0	0	0	0
5486	0	0	0	1	4	2	1	0	0	0	4	2	2	2	0	0	0	0	0	0	0	0	0
54971	0	1	1	0	13	4	6	0	0	64	3	0	0	3	0	0	0	261	15	13	15	11	1
5499	3	0	0	5	3	1	1	0	0	0	3	1	1	1	0	0	0	0	0	0	0	0	0
5507	1	0	0	3	6	1	1	0	0	0	3	1	1	1	0	0	4	0	0	0	0	0	0
5514	1	0	0	3	3	1	1	0	0	0	3	1	1	1	0	0	3	0	0	0	0	0	0
55149	0	1	1	0	18	5	20	0	0	870	3	0	0	3	49	11	0	289	15	31	24	10	22
5516	1	0	0	3	2	1	1	0	0	0	3	1	1	1	0	0	4	0	0	0	0	0	0
55169	3	0	0	7	3	1	1	0	0	0	3	1	1	1	0	0	4	0	0	0	0	0	0
55291	0	1	1	0	20	5	13	0	0	172	3	0	0	3	28	30	0	288	12	21	19	11	4
5539	1	0	0	1	5	1	1	0	0	0	3	1	1	1	0	0	2	0	0	0	0	0	0
554155	1	0	0	2	3	1	1	0	0	0	3	1	1	1	0	0	0	0	0	0	0	0	0
5544	1	0	0	1	3	1	1	0	0	0	3	1	1	1	0	0	4	0	0	0	0	0	0
5551	0	0	0	1	3	1	1	0	0	0	3	1	1	1	0	0	1	0	0	0	0	0	0
55544	0	2	1	0	18	5	12	0	0	4	1	0	0	3	2	1	0	314	19	31	22	11	3
55661	0	1	1	0	13	3	13	0	0	38	2	0	0	3	0	0	0	202	16	18	14	9	0
55785	0	0	0	0	25	3	7	0	64	0	5	0	0	2	0	0	0	192	10	3	9	3	0
559292	0	0	0	1	2	1	1	0	0	0	3	1	1	1	0	0	0	0	0	0	0	0	0
559295	0	0	0	1	2	1	1	0	0	0	3	1	1	1	0	0	0	0	0	0	0	0	0
559298	1	0	0	1	3	1	1	0	0	0	3	1	1	1	0	0	1	0	0	0	0	0	0
559304	0	0	0	4	2	1	2	0	0	0	5	2	2	1	0	0	0	0	0	0	0	0	0
559307	0	0	0	1	2	1	1	0	0	0	3	1	1	1	0	0	0	0	0	0	0	0	0
5599	1	0	0	3	4	1	1	0	0	0	3	1	1	1	0	0	1	0	0	0	0	0	0
560253	1	0	0	1	5	1	1	0	0	0	3	1	1	2	0	0	2	0	0	0	0	0	0
56036	0	0	0	0	1	2	5	0	0	0	7	0	0	4	0	0	1	0	0	0	0	0	0
56067	0	1	1	0	13	4	7	0	0	44	2	0	0	3	0	0	0	251	16	15	15	10	1
56068	0	1	1	0	12	3	9	0	0	37	3	0	0	2	0	0	0	242	16	12	13	10	1
561372	0	0	0	0	1	2	5	0	0	0	6	0	0	1	0	0	1	0	0	0	0	0	0
561572	0	1	0	0	5	3	4	5	0	0	3	0	0	3	0	0	0	63	5	3	11	3	0
56216	0	1	1	0	18	6	12	0	0	423	3	0	0	3	9	4	0	264	15	27	55	10	12
56258	0	1	1	0	10	3	7	0	0	48	2	0	0	3	0	0	0	247	15	16	14	11	1
56262	0	1	1	0	12	4	8	0	0	37	1	0	0	3	0	0	0	250	14	12	15	6	0
5627	0	0	0	0	15	1	2	0	0	0	4	0	6	1	0	0	0	0	0	0	0	0	0
56311	0	1	1	0	15	4	11	0	0	39	2	0	0	3	0	0	0	256	17	17	16	9	4
56313	0	1	1	0	10	2	8	0	0	37	2	0	0	2	0	0	0	145	9	12	4	4	1
56343	0	1	1	0	15	5	11	0	0	44	2	0	0	3	0	0	0	251	16	20	17	9	2
563466	1	0	0	4	4	1	1	0	0	0	2	1	1	1	0	0	4	0	0	0	0	0	0
56408	0	0	0	1	2	1	1	0	0	0	3	1	1	1	0	0	0	0	0	0	0	0	0
5643	0	0	0	1	14	1	1	0	0	0	3	0	4	1	0	0	0	0	0	0	0	0	0
56493	0	0	0	0	17	1	2	0	0	0	3	0	10	2	0	0	0	0	0	0	0	0	0
565426	2	0	0	4	4	1	1	0	0	0	4	1	1	1	0	0	1	0	0	0	0	0	0
56615	0	0	0	4	6	2	1	0	0	0	5	0	4	2	0	0	0	0	0	0	0	0	0
56646	1	0	0	4	3	1	1	0	0	0	3	1	1	1	0	0	4	0	0	0	0	0	0
56676	0	0	0	4	5	1	1	0	0	0	3	1	1	1	0	0	3	0	0	0	0	0	0
56716	0	1	1	0	27	6	22	0	0	58	3	0	0	4	4	16	1	476	23	36	36	13	1
56723	0	1	1	0	27	8	22	0	0	70	3	0	0	5	4	16	0	521	28	45	37	15	1
568069	0	1	0	0	6	3	5	15	1	0	3	0	0	3	0	0	0	90	5	3	11	5	0
56857	0	0	0	0	1	2	3	0	0	0	8	0	0	2	0	0	1	0	0	0	0	0	0
568900	0	0	0	0	1	1	1	0	0	0	3	0	0	1	0	0	1	3	0	0	248	0	0
57060	0	1	1	0	19	4	13	0	0	696	3	0	0	3	1	0	0	347	13	22	18	12	191
57068	0	1	0	0	13	1	12	0	0	11	2	0	0	2	0	0	0	142	12	10	8	5	4
571890	0	1	1	0	13	4	9	0	0	20	2	0	0	3	0	0	0	240	16	16	17	10	4
573508	1	0	0	2	3	1	1	0	0	0	3	1	1	1	0	0	1	0	0	0	0	0	0
573729	1	0	0	3	3	1	1	0	0	0	3	1	1	2	0	0	3	0	0	0	0	0	0
57412	0	1	0	0	5	1	7	0	0	4	1	0	0	2	0	0	0	114	9	8	7	8	1
57421	0	0	0	0	11	1	8	0	0	26	1	0	0	3	0	0	0	120	11	14	7	4	0
57439	0	1	1	0	14	4	10	0	0	37	2	0	0	3	0	0	0	237	13	17	16	11	2
574656	2	0	0	4	3	1	1	0	0	0	3	1	1	1	0	0	0	0	0	0	0	0	0
574774	2	0	0	4	4	1	1	0	0	0	3	1	1	1	0	0	2	0	0	0	0	0	0
574789	2	0	0	4	5	1	1	0	0	0	3	1	1	1	0	0	1	0	0	0	0	0	0
57577	0	0	0	0	2	1	5	0	0	0	15	0	0	3	0	0	0	0	0	0	0	0	0
576137	1	0	0	8	5	1	1	0	0	0	3	1	1	1	0	0	5	0	0	0	0	0	0
5763	0	0	0	0	26	3	1	0	0	0	3	0	0	1	0	0	0	1	0	0	2	0	0
578093	2	0	0	2	3	1	1	0	0	0	3	1	1	1	0	0	1	0	0	0	0	0	0
578113	1	0	0	1	3	1	1	0	0	0	3	1	1	1	0	0	1	0	0	0	0	0	0
578454	0	0	0	1	2	1	1	0	0	0	3	1	1	1	0	0	0	0	0	0	0	0	0
578455	1	0	0	3	4	1	1	0	0	0	3	1	1	2	0	0	4	0	0	0	0	0	0
578458	0	0	0	2	15	1	2	0	0	0	3	0	6	1	0	0	0	0	0	0	0	0	0
578459	0	0	0	1	6	1	1	0	0	0	3	0	1	1	0	0	0	0	0	0	0	0	0
578462	2	0	0	0	19	4	1	0	0	0	8	0	0	2	0	0	12	4	0	0	98	0	0
5786	15	0	0	0	10	1	1	2	0	0	3	0	0	1	0	0	5	0	0	0	11	0	0
58203	0	1	1	0	15	4	10	0	0	25	2	0	0	3	0	0	0	237	16	17	17	10	5
58291	2	0	0	0	8	3	4	0	0	0	3	0	0	1	0	0	0	0	0	0	1	0	0
586526	0	0	0	0	1	1	2	0	0	0	4	0	0	5	0	0	1	0	0	0	0	0	0
586833	0	1	1	0	25	7	23	0	0	69	3	0	0	3	4	42	0	513	27	32	34	14	2
58853	1	0	0	1	3	1	1	0	0	0	3	1	1	1	0	0	4	0	0	0	0	0	0
588596	3	0	0	0	5	1	2	0	0	0	3	0	1	2	0	0	2	0	0	0	0	0	0
58919	0	0	0	1	4	1	1	0	0	0	3	0	1	1	0	0	0	0	0	0	0	0	0
591445	0	0	0	0	18	4	3	0	16	0	9	0	0	3	0	0	0	92	3	2	7	4	0
591449	0	0	0	0	22	2	6	0	60	0	12	0	0	3	0	0	0	158	5	2	8	2	0
591936	0	1	1	0	16	6	24	0	0	263	6	0	0	3	0	0	0	277	13	32	23	10	23
59463	0	1	0	0	17	5	17	0	0	495	3	0	0	3	0	0	0	237	14	36	19	7	16
59472	0	0	1	0	16	5	15	0	0	126	2	0	0	3	0	0	0	237	15	29	21	9	14
59479	0	1	1	0	16	5	18	0	0	347	3	0	0	3	0	0	0	267	14	34	21	11	12
595255	1	0	0	3	3	1	1	0	0	0	4	1	1	1	0	0	1	0	0	0	0	0	0
595503	1	0	0	6	4	1	1	0	0	0	3	1	1	1	0	0	2	0	0	0	0	0	0
595528	0	1	1	0	7	2	2	0	0	0	3	0	0	1	0	0	1	0	0	7	37	0	0
59729	0	1	1	0	14	4	13	0	0	18	4	0	0	3	0	0	0	261	19	22	21	8	7
597362	0	0	0	0	13	1	2	0	0	0	3	0	4	1	0	0	0	0	0	0	0	0	0
597456	0	1	0	0	5	3	4	6	0	0	3	0	0	3	0	0	0	70	5	2	10	3	0
59894	0	1	1	0	14	4	12	0	0	37	2	0	0	3	0	0	0	252	18	22	18	10	6
599730	0	0	0	2	2	2	1	0	0	0	4	1	1	1	0	0	0	0	0	0	0	0	0
60169	1	0	0	2	3	1	1	0	0	0	3	1	1	1	0	0	3	0	0	0	0	0	0
60172	1	0	0	1	3	1	1	0	0	0	3	1	1	1	0	0	2	0	0	0	0	0	0
60175	1	0	0	1	2	1	1	0	0	0	4	1	1	1	0	0	3	0	0	0	0	0	0
60185	2	0	0	0	12	4	3	0	0	0	3	0	0	2	0	0	0	0	0	0	3	0	0
602034	1	0	0	2	3	1	1	0	0	0	3	1	1	1	0	0	2	0	0	0	0	0	0
602035	1	0	0	4	3	1	1	0	0	0	3	1	1	1	0	0	4	0	0	0	0	0	0
602072	1	0	0	3	3	1	1	0	0	0	2	1	1	1	0	0	0	0	0	0	0	0	0
60419	0	0	0	0	1	1	5	0	0	0	6	0	0	1	0	0	1	0	0	0	1	0	0
604196	6	0	0	0	8	2	3	0	0	0	2	0	0	1	0	0	0	0	0	0	5	0	0
60516	0	0	0	0	9	4	2	1	0	0	7	0	0	3	0	0	0	72	0	0	2	5	0
60517	0	0	0	0	8	3	4	1	0	0	4	0	0	3	0	0	0	58	0	1	3	5	0
60711	0	1	1	0	16	5	17	0	0	243	3	0	0	3	0	0	0	271	15	29	22	10	22
608512	0	0	0	0	1	1	3	0	0	0	2	0	0	2	0	0	1	0	0	0	1	0	0
6087	0	0	1	0	5	4	3	2	0	0	5	0	0	1	0	0	2	265	3	47	36	3	0
60889	0	1	0	0	7	3	3	6	0	0	3	0	0	2	0	0	0	79	5	3	10	3	0
609295	0	1	0	0	5	3	4	7	0	0	3	0	0	3	0	0	0	71	5	5	11	6	0
610380	0	1	0	0	5	3	4	5	0	0	3	0	0	3	0	0	0	67	5	2	10	4	0
6105	0	1	6	0	6	3	3	9	0	0	3	0	0	1	0	0	2	1131	0	40	39	5	0
61180	0	0	0	0	21	3	4	0	26	0	5	0	0	5	0	0	0	115	2	3	7	8	0
61186	1	0	0	3	3	1	1	0	0	0	3	1	0	1	0	0	2	0	0	0	0	0	0
61207	0	0	0	3	3	1	1	0	0	0	3	1	1	1	0	0	2	0	0	0	0	0	0
61221	0	1	1	0	17	5	15	0	0	138	4	0	0	3	2	100	0	301	17	25	24	11	2
61284	1	0	0	4	3	1	1	0	0	0	3	1	1	1	0	0	4	0	0	0	0	0	0
6130	0	1	6	0	6	2	6	6	0	0	3	0	0	1	0	0	1	734	7	32	37	5	0
61383	0	2	1	0	16	5	19	0	0	651	3	0	0	3	16	0	0	250	15	32	22	11	10
61395	0	0	0	0	2	1	1	0	0	0	4	0	0	1	0	0	0	0	0	0	23	0	0
614051	0	1	0	0	14	4	7	0	0	32	2	0	0	3	0	0	0	236	16	15	16	11	3
61420	1	0	0	1	4	1	1	0	0	0	3	1	1	1	0	0	2	0	0	0	0	0	0
61424	0	0	0	0	3	2	2	0	0	0	4	0	0	1	0	0	0	0	0	0	0	0	0
61616	0	1	1	0	12	3	9	0	0	148	4	0	0	3	4	50	1	292	19	29	39	11	4
61621	0	1	1	0	18	5	19	0	0	122	3	0	0	3	0	0	0	229	15	30	22	8	5
61622	0	1	1	0	16	5	19	0	0	121	3	0	0	3	0	0	0	239	15	31	21	10	5
6182	0	0	0	0	10	4	2	0	0	0	4	0	0	3	0	0	0	79	2	0	3	5	0
6183	0	0	0	0	12	4	3	0	0	0	4	0	0	3	0	0	0	90	3	1	3	5	0
6184	0	0	0	0	13	5	4	0	0	0	4	0	0	4	0	0	0	100	3	2	3	9	0
6185	0	0	0	0	11	4	2	0	0	0	3	0	0	3	0	0	0	81	2	2	2	5	0
61853	0	0	1	0	17	5	17	0	0	166	3	0	0	3	0	0	0	219	14	30	21	9	8
6186	0	0	0	0	9	5	1	0	0	0	8	0	0	3	0	0	0	84	1	2	2	8	0
6192	0	0	0	0	14	4	3	0	0	0	3	0	0	5	0	0	0	98	3	0	3	5	0
619300	0	0	0	1	2	1	1	0	0	0	3	1	1	1	0	0	0	0	0	0	0	0	0
6198	0	0	0	0	13	4	3	0	0	0	4	0	0	3	0	0	0	75	0	0	3	6	0
6205	0	0	0	0	7	3	4	0	0	0	4	0	0	3	0	0	0	63	1	1	3	5	0
62062	0	2	1	0	57	15	36	0	0	64	7	0	0	5	5	20	0	806	40	77	70	30	3
6210	0	0	0	0	7	3	3	0	0	0	3	0	0	3	0	0	0	53	0	1	3	5	0
6211	0	0	0	0	8	3	4	0	0	0	3	0	0	3	0	0	0	54	1	2	2	5	0
6216	0	0	0	0	8	3	2	2	0	0	3	0	0	3	0	0	0	65	0	0	3	6	0
621737	0	1	0	0	4	3	3	11	0	0	1	0	0	3	0	0	0	63	5	3	9	5	0
6233	0	0	0	0	20	2	5	0	164	0	3	0	0	11	0	0	0	174	7	2	8	5	0
6238	0	0	0	0	21	2	4	0	438	0	3	0	0	2	0	0	0	193	3	2	7	4	0
6239	0	0	0	0	21	2	4	0	601	0	3	0	0	2	0	0	0	218	3	2	8	4	0
6248	0	0	0	0	16	4	5	0	17	0	4	0	0	3	0	0	0	179	4	1	13	5	0
6256	0	0	0	0	8	3	1	0	0	0	4	0	0	3	0	0	0	56	1	1	5	4	0
6257	0	0	0	0	32	3	7	0	2	0	16	0	0	5	0	0	0	168	5	7	12	6	0
626378	0	1	1	0	15	5	6	0	0	23	2	0	0	3	0	0	0	245	14	12	13	10	11
6265	0	0	0	0	21	2	5	0	21	0	5	0	0	3	0	0	0	199	4	2	8	4	0
6269	0	0	0	0	16	2	2	0	1	0	3	0	0	3	0	0	0	131	3	1	9	4	0
62690	0	0	0	2	3	1	1	0	0	0	3	1	1	1	0	0	1	0	0	0	0	0	0
62708	1	0	0	2	3	1	1	0	0	0	3	1	1	1	0	0	1	0	0	0	0	0	0
6277	0	0	0	0	9	2	3	0	0	0	2	0	0	2	0	0	0	50	2	2	7	5	0
6279	0	0	0	0	11	2	5	0	0	0	3	0	0	2	0	0	0	77	2	2	6	4	0
6280	0	0	0	0	11	2	4	0	0	0	3	0	0	2	0	0	0	77	2	2	6	6	0
6282	0	0	0	0	11	3	5	0	0	0	3	0	0	2	0	0	0	84	2	2	7	4	0
6290	0	0	0	0	17	2	5	0	37	0	8	0	0	3	0	0	0	133	3	3	6	4	0
6293	0	0	0	0	12	2	5	0	0	0	4	0	0	2	0	0	0	65	2	3	5	4	0
630221	0	1	2	0	46	16	31	0	0	113	6	0	0	6	5	60	0	949	46	102	73	24	6
6303	0	0	0	0	39	4	4	0	10	0	8	0	0	7	0	0	0	136	3	0	10	2	0
63057	0	0	0	0	1	1	3	0	0	0	7	0	0	4	0	0	2	0	0	0	0	0	0
6306	0	0	0	0	67	2	11	0	29	0	13	0	0	78	0	0	0	351	5	0	19	8	0
630683	0	2	1	0	31	8	16	0	0	26	2	0	0	3	4	11	0	420	26	28	26	14	1
6313	0	0	0	0	14	3	3	0	2	0	5	0	0	2	0	0	0	95	1	2	5	4	0
6326	0	0	0	0	14	3	3	0	262	0	3	0	0	3	0	0	0	154	4	1	8	4	0
6334	0	0	0	0	6	2	5	0	0	0	5	0	0	2	0	0	0	43	4	2	7	6	0
6335	0	0	0	0	6	1	5	0	0	0	3	0	0	2	0	0	0	45	4	2	6	5	0
6336	0	0	0	0	5	1	5	0	0	0	3	0	0	2	0	0	0	43	4	3	7	4	0
6337	0	0	0	0	5	1	4	0	0	0	3	0	0	2	0	0	0	46	4	2	7	5	0
63383	0	0	0	0	4	1	1	0	0	0	3	0	1	1	0	0	0	0	0	0	0	0	0
63459	0	0	0	0	1	2	1	0	0	0	20	0	0	4	0	0	1	0	0	0	0	0	0
6347	0	1	2	0	8	3	2	22	0	0	3	0	0	2	0	0	2	641	7	18	53	4	0
637853	0	0	0	0	19	2	2	0	3	0	10	0	0	2	0	0	0	94	1	4	4	5	0
63787	0	0	0	0	4	2	4	0	0	0	8	0	0	4	0	0	0	0	0	0	0	0	0
63820	1	0	0	2	3	1	1	0	0	0	3	1	1	1	0	0	2	0	0	0	0	0	0
63821	1	0	0	3	3	1	1	0	0	0	3	1	1	1	0	0	0	0	0	0	0	0	0
6412	0	0	0	0	12	4	6	1	0	0	6	0	0	2	0	0	0	199	5	16	8	5	0
64144	0	1	1	0	26	8	23	0	0	153	3	0	0	5	3	72	0	563	25	51	36	13	1
64152	0	1	1	0	27	7	20	0	0	188	3	0	0	4	3	50	1	651	23	42	36	14	1
64176	0	1	1	0	16	5	17	0	0	291	3	0	0	3	2	128	0	352	19	24	25	11	28
64278	0	0	1	0	15	5	6	0	0	28	1	0	0	3	0	0	0	226	15	11	15	12	3
64391	0	0	0	0	7	3	2	7	0	0	4	0	0	3	0	0	0	84	5	4	8	4	0
644223	0	0	0	1	2	1	1	0	0	0	3	1	1	1	0	0	0	0	0	0	0	0	0
644352	1	0	0	3	3	1	2	0	0	0	3	1	1	1	0	0	2	0	0	0	0	0	0
644358	1	0	0	5	3	1	1	0	0	0	3	1	1	1	0	0	2	0	0	0	0	0	0
64495	3	0	0	0	11	4	5	0	0	0	7	0	0	2	0	0	0	0	0	0	4	0	0
645133	0	0	0	4	3	1	1	0	0	0	4	0	1	1	0	0	3	0	0	0	0	0	0
645134	3	0	0	0	5	1	2	0	0	0	3	0	0	1	0	0	2	13	0	0	19	0	0
64517	1	0	0	0	6	1	2	0	0	0	5	0	0	1	0	0	2	2	0	0	22	0	0
64518	6	0	0	0	8	2	3	0	0	0	2	0	0	1	0	0	0	0	0	0	6	0	0
64522	3	0	0	0	11	2	3	0	0	0	4	0	0	1	0	0	0	0	0	0	6	0	0
64524	6	0	0	0	9	2	3	0	0	0	4	0	0	1	0	0	0	0	0	0	4	0	0
64525	7	0	0	0	8	2	3	0	0	0	3	0	0	1	0	0	0	0	0	0	8	0	0
64567	7	0	0	0	8	2	4	0	0	0	3	0	0	1	0	0	0	0	0	0	4	0	0
64571	7	0	0	0	7	2	4	0	0	0	4	0	0	1	0	0	0	0	0	0	2	0	0
64648	2	0	0	0	11	3	4	0	0	0	3	0	0	2	0	0	0	0	0	0	4	0	0
64659	0	0	0	2	23	1	2	0	0	0	3	0	12	2	0	0	0	0	0	0	0	0	0
64791	0	1	0	0	4	3	4	9	0	0	2	0	0	3	0	0	0	65	5	4	9	5	0
64802	0	1	1	0	15	5	11	0	0	23	2	0	0	3	0	0	0	248	15	18	15	12	6
64838	0	1	0	0	6	3	6	15	0	0	3	0	0	3	0	0	0	68	6	3	14	6	0
649802	0	1	1	0	14	4	14	0	0	177	3	0	0	3	0	0	0	270	16	23	19	11	14
650164	0	0	0	1	15	1	2	0	0	0	3	0	5	1	0	0	0	0	0	0	0	0	0
6526	0	0	3	0	10	3	3	42	0	0	3	0	0	2	0	1	1	644	18	23	33	5	0
654480	1	0	0	1	3	1	1	0	0	0	5	1	1	1	0	0	3	0	0	0	0	0	0
65489	0	0	0	0	2	1	1	0	0	0	6	0	0	3	0	0	1	0	0	0	0	0	0
6550	0	2	37	0	10	1	3	15	2	0	4	0	0	4	0	1	1	854	23	93	25	4	0
655819	1	0	0	0	3	1	1	0	0	0	3	1	1	1	0	0	1	0	0	0	0	0	0
655827	0	0	0	1	4	1	1	0	0	0	4	1	1	1	0	0	2	0	0	0	1	0	0
655863	1	0	0	1	3	1	1	0	0	0	3	1	1	2	0	0	3	0	0	0	0	0	0
656061	1	0	0	1	3	1	1	0	0	0	4	1	0	1	0	0	1	0	0	0	0	0	0
6565	0	1	13	0	11	2	3	27	0	0	3	0	0	13	0	3	1	571	27	49	18	5	0
656916	1	0	0	1	4	1	1	0	0	0	3	1	1	1	0	0	1	0	0	0	0	0	0
656917	1	0	0	1	4	1	1	0	0	0	3	1	1	1	0	0	1	0	0	0	0	0	0
6573	0	2	5	0	8	2	4	9	0	0	3	0	0	3	0	2	2	369	14	16	13	5	0
658196	3	0	0	1	5	1	2	0	0	0	4	0	1	1	0	0	0	0	0	0	0	0	0
658429	1	0	0	0	3	1	1	0	0	0	4	1	1	1	0	0	1	0	0	0	0	0	0
658473	0	0	0	1	22	1	2	0	0	0	5	0	10	1	0	0	0	0	0	0	0	0	0
660025	1	0	0	3	4	1	1	0	0	0	2	1	1	1	0	0	4	0	0	0	0	0	0
660029	1	0	0	3	6	1	1	0	0	0	3	1	1	1	0	0	5	0	0	0	0	0	0
660469	1	0	0	3	3	1	1	0	0	0	3	1	1	1	0	0	3	0	0	0	0	0	0
66420	0	1	0	0	7	3	3	8	0	0	3	0	0	3	0	0	0	95	4	5	7	6	0
6645	0	1	0	0	8	3	4	26	0	0	4	0	0	2	0	1	1	209	17	46	16	6	0
665079	0	0	0	1	3	1	1	0	0	0	3	1	1	1	0	0	3	0	0	0	0	0	0
665912	1	0	0	4	4	1	1	0	0	0	3	1	1	1	0	0	1	0	0	0	0	0	0
6661	0	0	0	0	11	3	1	7	0	0	2	0	0	5	0	0	0	76	6	6	8	7	0
66656	0	0	0	0	3	3	8	0	0	0	4	0	0	9	0	0	1	0	0	0	0	0	0
6669	0	1	0	0	9	3	4	22	0	0	22	0	0	3	0	0	0	170	6	11	17	3	0
66707	0	1	1	0	14	5	9	0	0	26	1	0	0	3	0	0	0	239	15	14	14	10	3
66713	0	1	7	0	8	2	3	18	0	0	3	0	0	14	0	1	0	434	16	17	16	5	0
667144	0	1	0	0	15	4	8	0	0	25	2	0	0	3	0	0	0	229	17	12	15	10	2
667154	0	1	1	0	14	4	11	0	0	18	2	0	0	3	0	0	0	239	16	14	14	11	3
667186	0	1	1	0	13	5	11	0	0	37	1	0	0	3	0	0	0	243	17	15	17	12	8
6689	0	1	0	0	6	3	4	20	0	1	4	0	0	3	0	0	0	233	8	14	14	6	0
669026	1	0	0	2	4	1	1	0	0	0	3	1	1	2	0	0	3	0	0	0	0	0	0
669874	0	0	0	1	1	1	1	0	0	0	3	1	1	1	0	0	0	0	0	0	0	0	0
670337	0	1	1	0	15	4	8	0	0	22	2	0	0	3	0	0	0	244	16	12	15	10	5
670355	0	1	1	0	12	4	3	0	0	25	2	0	0	3	0	0	0	236	15	12	15	9	4
670356	0	1	1	0	14	5	8	0	0	26	1	0	0	3	0	0	0	245	16	15	16	9	1
670386	7	0	0	0	10	1	1	2	0	0	3	0	0	1	0	0	5	0	0	0	14	0	0
670483	0	0	0	1	14	1	2	0	0	0	3	0	9	1	0	0	0	0	0	0	0	0	0
670580	0	0	0	1	15	1	2	0	0	0	3	0	7	1	0	0	0	0	0	0	0	0	0
6706	0	1	0	0	7	3	4	17	0	0	4	0	0	2	0	0	0	140	8	12	10	5	0
671144	0	0	0	0	3	1	1	0	0	0	3	0	1	1	0	0	0	0	0	0	0	0	0
671987	1	0	0	4	4	1	1	0	0	0	3	1	1	1	0	0	1	0	0	0	0	0	0
675120	2	0	0	6	3	1	1	0	0	0	3	1	1	1	0	0	0	0	0	0	0	0	0
675824	0	0	0	1	2	1	1	0	0	0	3	1	1	1	0	0	0	0	0	0	0	0	0
67767	0	0	0	0	7	3	3	9	0	0	4	0	0	3	0	0	0	55	2	4	9	6	0
679940	1	0	0	0	11	3	2	0	0	0	3	0	0	1	0	0	0	0	0	0	3	0	0
681940	1	0	0	6	3	1	1	0	0	0	3	0	1	1	0	0	2	0	0	0	0	0	0
682080	2	0	0	5	6	1	1	0	0	0	3	1	1	4	0	0	1	0	0	0	0	0	0
6832	0	0	0	0	16	3	3	11	0	0	3	0	0	2	0	0	0	215	10	14	13	4	0
683960	0	0	0	2	2	1	1	0	0	0	3	1	1	1	0	0	0	0	0	0	0	0	0
68415	0	1	1	0	16	6	21	0	0	770	3	0	0	4	13	0	0	271	15	33	20	11	18
684364	0	0	0	0	9	1	3	0	0	0	3	0	0	1	0	0	1	1	0	0	5	0	0
684658	0	1	0	0	5	3	3	9	0	0	3	0	0	3	0	0	0	70	5	3	9	3	0
68486	0	1	1	0	15	5	11	0	0	46	2	0	0	3	0	0	0	246	16	13	14	12	6
68497	0	1	1	0	15	4	7	0	0	24	2	0	0	3	0	0	0	234	13	16	15	11	1
685502	3	0	0	5	3	1	1	0	0	0	3	1	1	1	0	0	0	0	0	0	0	0	0
685588	0	0	0	0	23	1	2	0	0	0	3	0	13	1	0	0	0	1	0	0	0	0	0
68775	0	0	0	6	22	1	2	0	0	0	4	0	6	1	0	0	0	0	0	0	0	0	0
68872	0	0	0	0	3	2	5	0	0	0	7	0	0	3	0	0	1	0	0	0	0	0	0
689266	0	1	1	0	14	4	6	0	0	21	2	0	0	3	0	0	0	213	13	14	13	8	0
689277	0	1	0	0	5	3	4	12	0	0	3	0	0	3	0	0	0	83	4	6	9	5	0
690307	1	0	0	2	4	1	1	0	0	0	3	1	1	1	0	0	1	0	0	0	0	0	0
690887	2	0	0	4	5	1	1	0	0	0	3	1	1	1	0	0	1	0	0	1	0	0	0
691883	0	0	0	0	4	1	1	0	0	0	3	0	0	1	0	0	0	0	0	0	3	0	0
69355	0	1	0	0	10	3	1	21	0	0	9	0	0	3	0	0	0	87	4	30	5	5	0
6941	0	0	0	0	9	1	1	11	0	0	2	0	0	2	0	0	0	130	5	6	5	3	0
694270	0	0	0	3	3	1	1	0	0	0	3	1	1	1	0	0	5	0	0	0	0	0	0
6945	0	0	0	0	11	3	3	10	0	0	3	0	0	2	0	0	0	128	12	10	11	5	0
6954	0	0	0	0	10	3	3	1	0	0	3	0	0	3	0	0	0	86	7	5	10	4	0
6956	0	0	0	0	9	3	2	1	0	0	9	0	0	4	0	0	0	88	8	4	10	4	0
6958	0	0	0	0	9	4	3	0	0	0	6	0	0	3	0	0	0	69	5	3	10	4	0
69766	0	0	0	1	3	1	1	0	0	0	3	2	1	1	0	0	2	0	0	0	0	0	0
69771	1	0	0	2	3	1	1	0	0	0	3	1	1	1	0	0	0	0	0	0	0	0	0
69773	1	0	0	2	3	1	1	0	0	0	3	1	1	1	0	0	2	0	0	0	0	0	0
69820	0	1	0	0	5	3	4	14	0	0	3	0	0	3	0	0	0	86	5	6	10	3	0
6984	0	1	0	0	11	3	1	14	0	0	9	0	0	4	0	0	0	165	7	8	10	10	0
698492	0	0	0	1	4	1	1	0	0	0	3	1	1	1	0	0	0	0	0	0	0	0	0
70096	1	0	0	5	3	1	1	0	0	0	3	1	1	1	0	0	2	0	0	0	0	0	0
701091	1	0	0	4	4	1	1	0	0	0	3	1	1	1	0	0	1	0	0	0	0	0	0
702011	3	0	0	3	4	1	1	0	0	0	3	1	1	2	0	0	0	0	0	0	0	0	0
702518	1	0	0	6	3	1	1	0	0	0	3	1	1	1	0	0	2	2	0	0	0	0	0
7029	0	1	0	0	5	3	4	25	0	0	4	0	0	6	0	0	0	83	6	4	9	3	0
703135	0	0	0	1	13	1	2	0	0	0	3	0	5	1	0	0	0	0	0	0	0	0	0
703497	2	0	0	3	3	1	1	0	0	0	3	1	1	2	0	0	1	0	0	0	0	0	0
703511	2	0	0	3	3	1	1	0	0	0	3	1	2	1	0	0	1	0	0	0	0	0	0
7038	0	1	0	0	5	3	3	4	0	0	4	0	0	3	0	0	0	69	5	3	9	5	0
7048	0	1	0	0	7	3	3	9	0	0	4	0	0	3	0	0	0	84	8	6	11	5	0
7054	0	1	0	0	7	3	3	14	1	0	3	0	0	3	0	0	0	67	5	8	10	4	0
706561	3	0	0	2	3	1	1	0	0	0	3	1	1	2	0	0	0	0	0	0	0	0	0
70667	0	0	0	0	8	2	2	1	0	0	6	0	0	3	0	0	0	58	1	1	3	7	0
7067	0	1	0	0	8	3	4	8	0	0	3	0	0	1	0	0	0	91	9	7	12	3	0
706981	1	0	0	2	4	1	1	0	0	0	3	1	1	1	0	0	1	0	0	0	0	0	0
7070	0	1	0	0	8	3	4	7	0	0	3	0	0	3	0	0	0	82	8	13	11	4	0
708187	1	0	0	6	3	1	1	0	0	0	3	0	0	1	0	0	2	0	0	0	0	0	0
708192	0	0	0	2	3	1	1	0	0	0	3	0	1	2	0	0	2	0	0	0	0	0	0
708197	1	0	0	5	3	1	1	0	0	0	3	0	1	1	0	0	2	0	0	0	0	0	0
708437	0	0	0	4	10	1	1	0	0	0	3	0	3	1	0	0	0	0	0	0	0	0	0
7091	0	1	0	0	6	3	4	10	0	0	3	0	0	3	0	0	0	84	5	7	10	4	0
7107	0	1	0	0	6	2	3	9	0	0	5	0	0	2	0	0	0	77	4	2	9	3	0
7109	0	1	0	0	5	3	2	15	0	0	2	0	0	3	0	0	0	91	5	4	9	5	0
7111	0	1	0	0	5	3	4	15	0	0	4	0	0	3	0	0	0	95	5	7	11	4	0
7116	0	1	0	0	6	3	3	14	0	0	3	0	0	3	0	0	0	91	3	5	9	5	0
7130	0	1	0	0	6	3	4	9	0	0	3	0	0	2	0	0	0	91	5	6	9	5	0
7137	0	1	0	0	6	3	3	13	0	0	4	0	0	2	0	0	0	90	5	11	12	4	0
714518	0	0	0	0	1	1	3	0	0	0	10	0	0	2	0	0	0	0	0	0	0	0	0
71465	0	0	0	0	7	1	1	0	7	0	7	0	0	1	0	0	0	52	2	3	2	2	0
7159	0	1	0	0	6	6	5	9	0	0	3	0	0	3	0	0	0	89	5	3	12	6	0
7165	0	1	0	0	6	6	5	8	0	0	3	0	0	5	0	0	0	84	5	3	9	5	0
71717	0	0	0	0	18	1	2	0	0	0	10	0	13	1	0	0	0	0	0	0	0	0	0
7176	0	0	0	0	7	8	5	9	0	0	3	0	0	3	0	0	0	105	6	5	9	8	0
717646	2	0	0	2	3	1	1	0	0	0	3	1	1	1	0	0	0	0	0	0	0	0	0
717836	3	0	0	4	3	1	1	0	0	0	3	1	1	1	0	0	0	0	0	0	0	0	0
71784	0	0	0	2	3	1	2	0	0	0	3	0	1	1	0	0	0	0	0	0	0	0	0
718367	0	0	0	3	13	1	2	0	0	0	3	0	198	1	0	0	0	1	0	0	0	0	0
72032	1	0	0	0	3	1	1	0	0	0	3	0	1	1	0	0	2	0	0	0	0	0	0
72036	0	0	0	0	7	4	2	5	0	0	2	0	0	2	0	0	0	108	4	7	10	3	0
720584	0	1	1	0	15	5	11	0	0	20	2	0	0	3	0	0	0	241	17	14	16	10	8
720586	0	1	1	0	15	4	9	0	0	24	2	0	0	3	0	0	0	239	16	18	17	8	8
7209	0	0	0	0	10	2	5	0	0	0	3	0	0	2	0	0	0	34	2	2	6	5	0
7213	0	0	0	0	8	1	2	11	0	0	3	0	0	2	0	0	0	62	3	3	8	4	0
7217	0	0	0	0	6	3	5	10	0	0	3	0	0	5	0	0	0	76	5	5	9	5	0
7222	0	0	0	0	7	3	5	10	0	0	4	0	0	6	0	0	0	80	6	4	10	5	0
72228	1	0	0	2	4	1	1	0	0	0	3	1	1	1	0	0	4	0	0	0	0	0	0
7225	0	0	0	0	7	2	5	11	0	0	4	0	0	4	0	0	0	75	5	4	10	5	0
7227	0	0	0	0	8	3	5	16	0	0	3	0	0	5	0	0	0	75	5	5	10	5	0
722753	0	0	1	0	6	1	1	0	0	0	4	0	0	1	0	0	3	2	0	0	11	0	0
7230	0	0	0	0	7	3	5	9	0	0	3	0	0	6	0	0	0	73	5	5	10	4	0
7232	0	0	0	0	7	2	2	8	0	0	3	0	0	6	0	0	0	83	4	6	10	5	0
7234	0	0	0	0	7	3	5	5	0	0	4	0	0	6	0	0	0	76	6	3	10	6	0
7238	0	0	0	0	8	3	4	21	0	0	3	0	0	5	0	0	0	78	5	5	9	5	0
7240	0	0	0	0	8	3	4	15	0	0	5	0	0	4	0	0	0	73	4	4	9	5	0
7244	0	0	0	0	7	3	5	10	0	0	2	0	0	7	0	0	0	76	5	7	10	5	0
7260	0	0	0	0	6	3	5	11	0	0	3	0	0	5	0	0	0	77	5	4	10	5	0
72664	0	0	0	0	1	1	3	0	0	0	4	0	0	3	0	0	1	0	0	0	0	0	0
7291	0	0	0	0	12	3	5	17	0	0	4	0	0	5	0	0	0	75	5	8	10	5	0
73324	0	1	1	0	15	4	10	0	0	25	1	0	0	3	0	0	0	226	16	17	15	11	5
73327	0	1	1	0	14	4	7	0	0	24	1	0	0	3	0	0	0	234	18	14	14	9	4
73330	0	1	1	0	14	5	11	0	0	20	1	0	0	3	0	0	0	243	16	12	16	10	3
73333	0	1	1	0	15	6	5	0	0	70	1	0	0	3	0	0	0	227	17	17	16	10	2
7370	0	0	0	0	8	3	6	22	0	0	3	0	0	3	0	0	0	82	7	9	10	7	0
7375	0	0	0	0	5	3	4	11	0	0	5	0	0	2	0	0	0	74	4	5	9	3	0
73868	0	0	0	0	9	2	1	0	0	0	12	0	0	2	0	0	1	0	0	0	23	0	0
741276	0	0	0	2	5	1	1	0	0	0	3	0	1	1	0	0	0	0	0	0	0	0	0
741705	0	0	0	0	13	1	2	0	0	0	3	0	14	1	0	0	0	0	0	0	0	0	0
74200	0	1	1	0	13	4	7	0	0	24	2	0	0	3	0	0	0	239	14	17	14	11	3
742152	0	0	0	0	15	1	2	0	0	0	3	0	4	1	0	0	0	1	0	0	0	0	0
7425	0	1	0	0	6	3	4	9	0	0	3	0	0	3	0	0	0	63	6	3	10	4	0
74358	0	1	1	0	15	5	15	0	0	93	3	0	0	3	2	36	0	323	18	25	32	11	6
74499	1	0	0	3	3	1	1	0	0	0	3	1	1	1	0	0	1	0	0	0	0	0	0
74533	0	1	0	0	16	5	19	0	0	557	3	0	0	3	1	0	0	206	14	32	19	7	9
7454	0	1	0	0	6	3	2	9	0	0	3	0	0	2	0	0	0	65	4	1	7	4	0
745531	0	0	0	2	13	1	2	0	0	0	3	0	7	1	0	0	0	0	0	0	0	0	0
7460	0	1	0	0	5	3	4	8	0	0	3	0	0	3	0	0	0	63	5	3	11	3	0
74649	0	0	0	0	3	1	5	0	0	0	6	0	0	4	0	0	1	0	0	0	0	0	0
746836	1	0	0	4	4	1	1	0	0	0	3	1	1	1	0	0	3	0	0	0	0	0	0
747089	2	0	0	0	5	1	2	0	0	0	3	0	1	1	0	0	1	0	0	0	0	0	0
747525	0	0	0	2	12	1	1	0	0	0	4	0	5	1	0	0	0	0	0	0	0	0	0
747676	0	0	0	3	6	1	1	0	0	0	5	0	4	1	0	0	0	0	0	0	0	0	0
747725	2	0	0	0	12	3	3	0	0	0	3	0	0	2	0	0	0	0	0	0	5	0	0
74823	0	0	0	0	2	5	9	0	0	0	7	0	0	4	0	0	0	0	0	0	1	0	0
74873	0	1	0	0	6	5	5	8	0	0	3	0	0	3	0	0	0	83	5	3	8	5	0
74926	0	2	1	0	17	4	11	0	0	3	3	0	0	3	3	2	0	320	19	38	22	12	3
74940	0	2	1	0	53	15	43	0	0	74	5	0	0	6	5	38	1	820	43	73	61	30	6
749621	1	0	0	4	4	1	1	0	0	0	3	1	1	1	0	0	0	0	0	0	0	0	0
749634	1	0	0	3	5	1	1	0	0	0	3	1	1	1	0	0	0	0	0	0	0	0	0
75366	0	1	2	0	49	17	41	0	0	107	6	0	0	7	4	60	0	962	45	69	67	27	6
75485	0	1	1	0	15	4	12	0	0	72	3	0	0	3	0	0	0	259	17	20	16	11	2
75553	1	0	0	0	3	1	1	0	0	0	3	1	1	1	0	0	3	0	0	0	0	0	0
75702	0	0	0	0	2	2	7	0	0	0	6	0	0	2	0	0	1	0	0	0	1	0	0
7574	0	2	12	0	12	3	4	16	0	0	5	0	0	3	0	2	4	380	18	15	40	5	0
75743	0	1	1	0	20	5	12	0	0	2	4	0	0	3	3	17	1	295	14	37	20	10	0
75864	0	1	1	0	15	4	13	0	0	105	3	0	0	3	0	0	0	302	20	24	18	11	4
75869	0	1	1	0	17	4	12	0	0	123	1	0	0	3	0	0	0	266	18	23	19	11	2
75913	0	0	0	0	14	2	5	0	13	0	3	0	0	2	0	0	0	151	3	1	9	4	0
759272	1	0	0	1	3	1	1	0	0	0	3	1	1	1	0	0	2	0	0	0	0	0	0
759273	1	0	0	5	3	1	1	0	0	0	3	1	1	2	0	0	2	0	0	0	0	0	0
75948	0	0	0	0	1	2	4	0	0	0	32	0	0	4	0	0	1	0	0	0	0	0	0
761204	0	0	0	0	1	1	1	0	0	0	5	0	0	3	0	0	4	0	0	0	4	0	0
76193	0	1	0	0	5	4	3	10	0	0	3	0	0	3	0	0	0	92	5	5	9	6	0
763406	0	0	0	1	2	1	1	0	0	0	3	1	1	1	0	0	0	0	0	0	0	0	0
763407	1	0	0	0	10	5	4	0	0	0	3	0	0	2	0	0	0	0	0	0	3	0	0
763665	0	0	0	0	2	1	1	0	0	0	4	0	0	1	0	0	0	0	0	0	9	0	0
764103	0	0	0	1	3	1	1	0	0	0	3	0	1	1	0	0	0	0	0	0	0	0	0
765257	0	0	0	0	10	1	2	0	0	0	4	0	4	1	0	0	0	0	0	0	0	0	0
765440	0	0	0	4	30	1	2	0	0	0	10	0	6	2	0	0	0	0	0	0	0	0	0
765867	1	0	0	3	5	1	1	0	0	0	3	1	1	1	0	0	1	0	0	0	0	0	0
765868	2	0	0	3	4	1	1	0	0	0	3	1	1	1	0	0	0	0	0	0	0	0	0
765915	1	0	0	0	10	1	1	0	0	0	4	0	0	1	0	0	4	6	0	0	59	0	0
766039	1	0	0	2	3	1	1	0	0	0	3	1	0	1	0	0	0	0	0	0	0	0	0
7668	0	1	0	0	8	2	2	50	0	0	4	0	0	4	0	1	1	836	9	190	38	5	0
766949	0	0	0	2	2	1	1	0	0	0	3	0	1	1	0	0	0	0	0	0	0	0	0
767744	0	0	0	1	3	1	1	0	0	0	3	1	1	1	0	0	0	0	0	0	0	0	0
767769	1	0	0	3	3	1	1	0	0	0	3	1	1	1	0	0	0	0	0	0	0	0	0
767770	1	0	0	2	3	1	1	0	0	0	3	1	1	1	0	0	0	0	0	0	0	0	0
76867	0	0	0	2	17	1	2	0	0	0	3	0	6	2	0	0	0	1	0	0	0	0	0
77044	1	0	0	1	3	1	1	0	0	0	3	0	1	1	0	0	2	1	0	0	0	0	0
77065	0	0	0	0	2	2	5	0	0	0	8	0	0	1	0	0	1	0	0	0	0	0	0
77166	0	1	0	0	9	3	3	3	0	0	3	0	0	3	0	0	0	81	7	3	10	3	0
771870	1	0	0	1	3	1	1	0	0	0	3	1	1	1	0	0	3	0	0	0	0	0	0
7719	0	0	0	0	8	2	4	0	0	0	4	0	0	2	0	0	1	118	8	21	8	8	0
7739	0	3	1	0	9	2	3	18	0	0	3	0	0	2	0	1	1	538	15	37	19	7	0
7740	0	2	1	0	7	2	5	10	0	0	3	0	0	2	0	1	1	479	17	34	19	5	0
7741	0	2	1	0	7	2	3	18	1	0	3	0	0	2	0	1	1	485	16	43	19	5	0
7764	0	1	0	0	13	4	11	0	0	12	3	0	0	2	0	0	0	175	17	17	56	10	0
77932	0	1	1	0	21	5	15	0	0	174	3	0	0	3	8	1	0	195	15	28	28	11	17
78217	0	1	1	0	14	5	11	0	0	52	1	0	0	3	0	0	0	255	17	23	17	10	1
78410	1	0	0	4	3	1	1	0	0	0	3	1	1	1	0	0	3	0	0	0	0	0	0
7868	0	1	1	0	17	4	18	0	0	0	2	0	0	4	3	33	0	336	15	28	26	11	0
78861	1	0	0	4	4	1	1	0	0	0	3	1	1	1	0	0	4	0	0	0	0	0	0
78864	1	0	0	4	5	1	1	0	0	0	3	1	1	1	0	0	3	0	0	0	0	0	0
78921	0	0	0	0	6	1	4	0	0	0	7	0	0	1	0	0	0	0	0	0	4	0	0
7897	0	1	1	0	16	4	12	0	0	51	4	0	0	3	16	63	1	402	15	31	25	11	58
7906	0	3	2	0	30	4	21	0	0	5	4	0	0	3	3	1	0	463	21	28	27	15	4
7917	0	1	1	0	14	4	11	0	0	101	3	0	0	1	7	22	1	285	14	28	19	10	1
7918	0	1	1	0	15	5	12	0	0	115	3	0	0	3	4	29	1	460	20	33	31	10	2
79200	0	0	0	0	1	2	5	0	0	0	8	0	0	3	0	0	1	0	0	0	0	0	0
7932	0	1	1	0	28	9	18	0	0	0	3	0	0	4	2	1	1	328	23	42	30	13	0
7936	0	1	1	0	28	10	26	0	0	13	3	0	0	4	1	2	1	309	20	43	29	12	0
7950	0	1	1	0	26	9	22	0	0	92	3	0	0	3	5	26	0	586	24	55	43	12	3
7955	0	1	1	0	31	9	22	0	0	121	3	0	0	3	6	56	1	637	23	64	33	15	6
7957	0	1	2	0	50	18	41	0	0	178	5	0	0	6	8	71	1	1248	54	139	76	31	9
796027	0	0	0	1	2	1	1	0	0	0	3	1	0	2	0	0	0	0	0	0	0	0	0
7962	0	1	2	0	49	17	41	0	0	148	6	0	0	6	5	70	0	1023	45	87	75	26	5
79626	0	0	0	0	16	4	11	0	0	33	1	0	0	3	0	0	0	227	16	22	12	8	0
79628	0	1	1	0	13	4	9	0	0	67	2	0	0	3	0	0	0	242	16	16	17	10	1
79633	0	1	1	0	15	4	11	0	0	49	2	0	0	3	0	0	0	256	15	17	16	10	1
79653	0	1	1	0	16	4	10	0	0	68	2	0	0	3	0	0	0	251	16	16	18	10	1
796604	0	0	0	1	6	1	1	0	0	0	5	0	1	1	0	0	0	0	0	0	0	0	0
79684	0	1	1	0	17	5	13	0	0	1085	2	0	0	3	15	10	0	252	15	23	31	11	12
796925	0	0	0	0	7	1	3	0	0	0	3	0	0	1	0	0	0	108	0	0	0	0	0
797021	0	1	1	0	14	4	12	0	0	38	2	0	0	3	0	0	0	242	17	17	16	11	4
79782	0	1	0	0	5	3	4	7	0	0	3	0	0	3	0	0	0	82	7	5	11	4	0
798071	2	0	0	3	4	1	1	0	0	0	3	1	1	1	0	0	1	0	0	0	0	0	0
798079	1	0	0	3	4	1	1	0	0	0	3	1	1	1	0	0	1	0	0	0	0	0	0
79923	0	0	0	0	13	5	3	0	0	0	3	0	0	4	0	0	0	97	1	0	3	5	0
7994	0	1	1	0	22	10	23	0	0	96	3	0	0	2	4	44	0	615	26	49	36	11	11
8005	0	1	1	0	24	9	22	0	0	73	3	0	0	3	3	81	0	514	23	36	33	13	1
8010	0	1	1	0	29	8	24	0	0	115	3	0	0	3	3	20	0	542	25	44	33	17	3
8019	0	2	1	0	47	14	42	0	0	72	4	0	0	5	5	25	0	794	42	66	62	30	7
8022	0	2	1	0	58	15	24	0	0	41	4	0	0	4	4	30	0	628	34	55	45	25	5
80249	0	1	0	0	8	3	3	10	0	0	3	0	0	3	0	0	0	74	8	6	9	6	0
8030	0	2	1	0	55	16	39	0	0	70	7	0	0	5	5	45	1	861	53	82	76	31	4
8032	0	2	1	0	50	14	38	0	0	72	5	0	0	5	5	40	0	812	42	68	63	29	6
80388	1	0	0	3	4	1	1	0	0	0	4	1	1	1	0	0	2	0	0	0	0	0	0
8040	0	2	1	0	54	15	31	0	0	79	4	0	0	4	5	41	1	802	42	65	62	31	2
8049	0	1	0	0	22	7	22	0	0	93	4	0	0	3	3	53	0	447	23	35	36	14	2
80765	0	1	0	0	5	3	3	7	0	0	5	0	0	5	0	0	0	65	6	3	8	3	0
8081	0	1	1	0	31	8	20	0	0	62	3	0	0	4	3	26	0	497	23	42	35	13	1
8083	0	1	1	0	28	8	22	0	0	72	3	0	0	4	4	41	1	519	24	46	32	12	1
80884	1	0	0	5	3	1	1	0	0	0	4	1	1	1	0	0	2	0	0	0	0	0	0
8090	0	1	1	0	29	8	22	0	0	57	3	0	0	4	4	22	0	497	22	44	38	13	0
80966	0	1	1	0	29	8	23	0	0	43	3	0	0	4	4	11	1	459	28	34	33	14	2
8103	0	1	1	0	27	8	21	0	0	69	3	0	0	3	4	19	0	437	23	33	35	14	2
8128	0	1	1	0	25	7	23	0	0	168	3	0	0	4	4	54	0	585	26	45	45	13	0
8153	0	1	1	0	28	8	22	0	0	79	3	0	0	4	4	27	1	505	26	40	38	14	0
8167	0	1	1	0	25	8	15	0	0	1	3	0	0	3	2	6	1	347	24	39	32	13	0
8168	0	1	1	0	26	8	13	0	0	7	3	0	0	2	2	14	1	390	22	46	35	13	0
8175	0	1	1	0	25	8	23	0	0	126	3	0	0	4	4	68	0	538	26	37	46	13	3
81824	0	0	0	0	3	1	1	0	0	0	3	0	0	2	0	0	1	0	0	3	1	0	0
8187	0	1	1	0	24	8	22	0	0	143	4	0	0	5	5	67	0	613	26	36	46	14	2
81907	0	1	1	0	13	4	8	0	0	60	3	0	0	3	0	0	0	246	12	15	13	9	1
81927	0	1	1	0	14	5	12	0	0	24	2	0	0	3	0	0	0	243	16	18	16	11	4
81972	0	0	0	0	1	1	3	0	0	0	5	0	0	2	0	0	1	0	0	0	0	0	0
81985	0	0	0	0	1	1	3	0	0	0	4	0	0	2	0	0	1	0	0	0	0	0	0
8208	0	1	1	0	31	7	19	0	0	30	5	0	0	3	4	10	1	397	22	37	30	14	2
8218	0	1	1	0	25	8	22	0	0	113	3	0	0	3	4	40	1	488	23	44	36	13	2
8262	0	1	1	0	31	8	19	0	0	30	3	0	0	5	4	17	1	502	24	42	34	13	1
82655	0	0	1	0	27	8	18	0	0	4	3	0	0	3	2	3	1	292	16	36	26	12	0
83212	1	0	0	2	3	1	1	0	0	0	3	1	1	1	0	0	1	0	0	0	0	0	0
83376	0	1	1	0	15	3	10	0	0	59	2	0	0	3	0	0	0	230	17	19	16	9	0
8355	0	3	1	0	29	9	28	0	0	582	4	0	0	6	24	240	1	705	32	56	100	26	51
8364	0	2	1	0	13	4	15	0	0	524	3	0	0	3	8	243	1	378	16	30	102	11	55
83679	1	0	0	1	3	1	1	0	0	0	3	1	1	1	0	0	3	0	0	0	0	0	0
8400	0	0	0	0	4	2	1	0	0	123	3	0	0	2	0	14	0	61	5	16	25	3	0
84645	0	0	1	0	31	9	21	0	0	5	3	0	0	2	7	25	1	601	28	65	43	16	3
8469	0	1	1	0	16	4	9	0	0	382	2	0	0	2	1	0	0	299	18	23	16	10	0
8475	0	1	1	0	18	4	14	0	0	358	3	0	0	3	2	2	0	361	19	28	22	13	10
84751	0	0	0	0	4	1	1	0	0	0	3	0	1	1	0	0	0	0	0	0	0	0	0
8478	0	1	1	0	16	6	16	0	0	372	3	0	0	3	2	2	0	377	19	43	21	11	13
84834	0	1	1	0	16	4	10	0	0	73	2	0	0	3	0	0	0	252	17	17	17	11	9
8496	0	1	1	0	14	3	12	0	0	225	3	0	0	3	2	0	0	225	20	30	20	11	0
8502	0	1	1	0	15	4	13	0	0	13	2	0	0	3	2	0	0	268	15	23	20	9	3
85066	0	1	0	0	15	3	14	0	0	25	1	0	0	3	0	0	0	197	15	16	14	11	8
85069	0	1	1	0	13	4	7	0	0	24	1	0	0	3	0	0	0	223	14	11	13	10	7
8508	0	1	2	0	17	5	14	0	0	214	3	0	0	3	0	10	0	237	18	22	15	6	0
85310	0	1	0	0	4	3	1	10	0	0	3	0	0	3	0	0	0	81	7	4	9	4	0
85681	0	0	0	0	2	1	3	0	0	0	5	0	0	2	0	0	1	0	0	0	0	0	0
857340	2	0	0	2	5	1	1	0	0	0	3	1	1	1	0	0	1	0	0	0	0	0	0
857342	1	0	0	2	3	1	1	0	0	0	3	1	1	1	0	0	2	0	0	0	0	0	0
857566	0	0	0	2	2	1	1	0	0	0	3	1	1	1	0	0	0	0	0	0	0	0	0
858893	1	0	0	1	3	1	1	0	0	0	3	1	1	1	0	0	0	0	0	0	0	0	0
860376	0	0	0	0	22	2	4	0	463	0	4	0	0	2	0	0	0	174	3	2	8	4	0
861557	2	0	0	4	4	1	1	0	0	0	3	1	1	1	0	0	0	0	0	0	0	0	0
861768	0	2	1	0	57	12	22	0	0	30	3	0	0	5	2	12	0	516	34	55	58	9	3
86259	0	0	0	4	3	1	1	0	0	0	3	1	1	1	0	0	0	0	0	0	0	0	0
8630	0	2	1	0	18	4	14	0	0	149	3	0	0	3	1	45	0	273	12	15	16	11	2
8663	0	1	1	0	17	5	15	0	0	291	3	0	0	3	1	178	0	291	18	26	47	13	2
86630	4	0	0	0	14	4	7	0	0	0	5	0	0	1	0	0	0	0	0	0	5	0	0
8665	0	2	1	0	14	4	11	0	0	44	6	0	0	3	1	0	0	225	16	13	13	11	1
8673	0	1	1	0	20	5	15	0	0	169	3	0	0	3	1	78	0	280	17	24	20	10	1
86804	0	0	0	0	7	2	1	0	0	0	6	0	1	1	0	0	0	0	0	0	0	0	0
86971	0	1	0	0	6	3	4	7	0	0	6	0	0	3	0	0	0	45	5	1	6	4	0
869754	0	0	0	1	2	1	1	0	0	0	3	1	1	1	0	0	0	0	0	0	0	0	0
870435	0	0	0	0	11	1	2	0	0	0	7	0	6	1	0	0	0	0	0	0	0	0	0
87175	0	1	1	0	14	4	14	0	0	60	3	0	0	3	0	0	0	262	18	19	19	10	6
87229	1	0	0	2	3	1	1	0	0	0	3	1	1	1	0	0	1	0	0	0	0	0	0
874463	0	1	1	0	13	5	8	0	0	28	3	0	0	3	0	0	0	233	16	12	16	9	2
877507	1	0	0	1	3	1	1	0	0	0	3	1	1	1	0	0	1	0	0	0	0	0	0
8787	0	1	1	0	15	4	10	0	0	91	2	0	0	3	0	0	0	247	17	19	17	7	2
8790	0	1	1	0	14	4	9	0	0	60	2	0	0	3	0	0	0	242	17	20	16	9	2
879819	0	0	0	0	3	1	1	0	0	0	3	0	1	1	0	0	0	0	0	0	0	0	0
8805	0	1	1	0	16	4	10	0	0	55	1	0	0	3	0	0	0	234	18	17	13	10	0
88211	0	1	0	0	8	2	3	23	0	0	7	0	0	3	0	0	0	120	7	11	9	7	0
8824	0	1	1	0	16	5	13	0	0	134	3	0	0	3	0	0	0	282	18	23	18	10	3
8839	0	1	0	0	15	2	9	0	0	62	2	0	0	3	0	0	0	231	13	16	14	8	3
8840	0	1	1	0	15	4	13	0	0	161	2	0	0	3	0	0	0	268	17	22	16	10	2
8845	0	1	1	0	16	4	12	0	0	57	2	0	0	3	0	0	0	276	17	21	17	11	3
8851	0	1	1	0	14	6	9	0	0	73	2	0	0	3	0	0	0	260	16	21	17	8	1
8855	0	1	1	0	15	4	12	0	0	67	3	0	0	3	0	0	0	275	18	22	19	10	4
885580	0	1	1	0	18	5	11	0	0	1176	3	0	0	2	7	13	0	244	14	21	22	8	3
886794	0	1	1	0	14	4	9	0	0	34	2	0	0	3	0	0	0	245	18	19	17	11	1
88771	1	0	0	1	3	1	1	0	0	0	3	1	0	1	0	0	0	0	0	0	0	0	0
888268	0	0	0	0	2	1	2	0	0	0	3	0	0	4	0	0	0	0	0	0	0	0	0
8905	0	1	1	0	13	4	12	0	0	44	1	0	0	3	0	0	0	250	17	13	14	9	1
8932	0	1	1	0	16	4	11	0	0	29	3	0	0	3	0	0	0	268	17	21	19	10	1
89386	0	1	1	0	16	4	10	0	0	70	1	0	0	3	0	0	0	245	14	21	17	9	3
8947	0	1	1	0	14	5	8	0	0	26	1	0	0	3	0	0	0	241	14	14	12	10	1
89673	0	1	1	0	16	5	21	0	0	725	3	0	0	3	18	0	0	271	15	35	21	11	24
8969	0	1	0	0	13	1	8	0	0	35	1	0	0	1	0	0	0	132	12	11	7	3	1
89951	0	0	1	0	20	6	13	0	0	29	3	0	0	1	1	16	0	333	20	27	25	11	1
9009	1	1	1	0	17	4	11	0	0	126	2	0	0	3	0	0	0	268	22	24	15	14	6
90262	2	0	0	0	20	6	7	0	0	0	5	0	0	2	0	0	0	0	0	0	4	0	0
9031	0	1	1	0	17	4	13	0	0	235	4	0	0	4	0	0	0	290	19	23	18	19	4
9049	0	1	1	0	18	4	14	0	0	26	1	0	0	3	0	0	0	283	16	18	20	9	4
9054	0	1	1	0	14	4	13	0	0	52	3	0	0	2	0	0	0	264	18	20	18	11	3
9083	0	1	1	0	24	4	12	0	0	141	3	0	0	3	0	0	0	284	17	17	12	11	3
9089	0	1	1	0	13	4	9	0	0	10	3	0	0	2	0	0	0	140	9	19	8	5	0
90978	1	0	0	4	4	1	1	0	0	0	3	1	1	1	0	0	1	0	0	0	0	0	0
9103	0	1	1	0	14	4	11	0	0	61	3	0	0	3	0	0	0	272	19	19	16	11	3
9117	0	1	1	0	11	4	10	0	0	78	2	0	0	3	0	0	0	254	13	18	14	9	2
9132	0	1	1	0	15	5	10	0	0	24	1	0	0	3	0	0	0	244	16	15	16	11	4
9135	0	1	1	0	15	4	12	0	0	30	2	0	0	3	0	0	0	253	17	18	15	10	7
913774	7	0	0	2	3	1	1	0	0	0	3	1	1	1	0	0	4	0	0	0	0	0	0
914234	0	0	0	0	13	1	2	0	0	0	4	0	6	2	0	0	0	0	0	0	0	0	0
91625	1	0	0	0	9	2	4	0	0	0	3	0	0	1	0	0	0	0	0	0	3	0	0
91626	2	0	0	0	12	3	3	0	0	0	3	0	0	2	0	0	0	0	0	0	4	0	0
9163	0	1	1	0	12	4	10	0	0	35	2	0	0	3	0	0	0	242	17	13	15	7	10
9176	0	1	1	0	12	4	8	0	0	21	1	0	0	3	0	0	0	237	15	8	13	10	3
91767	0	1	1	0	14	4	11	0	0	40	2	0	0	3	0	0	0	246	16	18	16	11	3
91930	1	0	0	2	3	1	1	0	0	0	3	1	1	1	0	0	2	0	0	0	0	0	0
91943	6	0	0	4	6	2	2	0	0	0	7	2	1	3	0	0	0	0	0	0	0	0	0
91951	0	1	1	0	16	4	13	0	0	36	3	0	0	3	0	0	0	263	18	20	21	10	16
9209	0	1	0	0	12	3	6	0	0	17	2	0	0	2	0	0	0	149	11	9	3	4	1
92179	0	0	0	0	5	1	5	0	0	0	3	0	0	2	0	0	0	44	4	2	7	5	0
9218	0	1	0	0	7	2	7	0	0	44	1	0	0	2	0	0	0	133	11	14	6	5	0
92180	0	0	0	0	5	2	4	0	0	0	3	0	0	2	0	0	0	42	5	2	7	5	0
9233	0	1	0	0	14	3	12	0	0	31	2	0	0	3	0	0	0	204	15	16	11	11	0
9234	0	1	1	0	14	4	10	0	0	55	3	0	0	3	0	0	0	236	17	19	14	8	0
9238	0	1	1	0	11	3	12	0	0	24	2	0	0	3	0	0	0	187	14	16	11	7	0
9244	0	1	1	0	13	2	12	0	0	43	1	0	0	3	0	0	0	187	16	17	15	11	5
92480	0	0	0	0	2	1	4	0	0	0	8	0	0	5	0	0	1	0	0	0	0	0	0
9252	0	1	1	0	12	5	11	0	0	65	1	0	0	3	0	0	0	253	16	17	16	11	1
9258	0	1	1	0	18	5	17	0	0	272	3	0	0	2	219	21	0	252	14	33	22	10	5
92897	1	0	0	3	4	1	1	0	0	0	3	1	1	2	0	0	4	0	0	0	0	0	0
92902	1	0	0	2	5	1	1	0	0	0	3	1	1	2	0	0	3	0	0	0	0	0	0
930089	1	0	0	4	4	1	1	0	0	0	3	1	1	1	0	0	1	0	0	0	0	0	0
9305	0	1	1	0	18	5	11	0	0	870	3	0	0	3	44	28	0	295	14	34	25	11	18
930990	0	0	0	7	8	1	1	0	0	0	3	0	1	1	0	0	0	1	0	0	0	0	0
930991	0	0	0	1	16	1	2	0	0	0	3	0	8	1	0	0	0	0	0	0	0	0	0
930992	0	0	0	0	11	1	2	0	0	0	3	0	3	1	0	0	0	0	0	0	0	0	0
931890	0	0	0	0	2	1	1	0	0	0	2	1	1	1	0	0	0	0	0	0	0	0	0
932028	0	1	1	0	15	5	7	0	0	29	2	0	0	3	0	0	0	225	14	15	12	8	3
933084	0	0	0	0	19	1	2	0	0	0	3	0	17	4	0	0	0	0	0	0	0	0	0
933095	1	0	0	2	3	1	1	0	0	0	3	1	1	2	0	0	2	0	0	0	0	0	0
933388	1	0	0	3	3	1	1	0	0	0	3	1	1	1	0	0	1	0	0	0	0	0	0
933852	0	0	0	3	17	1	3	0	0	0	3	0	11	1	0	0	0	0	0	0	0	0	0
936053	3	0	0	0	12	4	5	0	0	0	9	0	0	2	0	0	0	0	0	0	3	0	0
936078	1	0	0	2	3	1	1	0	0	0	3	1	1	1	0	0	2	0	0	0	0	0	0
93625	0	0	0	0	16	1	1	0	0	0	3	0	8	1	0	0	0	0	0	0	0	0	0
936435	0	0	0	2	14	1	2	0	0	0	3	0	32	1	0	0	0	1	0	0	0	0	0
9365	0	1	1	0	17	5	16	0	0	1066	3	0	0	3	33	12	0	275	15	32	27	10	24
93759	0	0	0	0	1	1	1	0	0	0	9	0	0	7	0	0	1	0	0	0	1	0	0
93934	0	1	1	0	15	3	13	0	0	44	2	0	0	3	0	0	0	267	16	20	17	11	3
9402	0	0	1	0	18	4	16	0	0	442	3	0	0	2	0	0	0	230	15	30	21	11	11
94023	3	0	0	1	4	1	1	0	0	0	3	0	1	1	0	0	1	0	0	0	0	0	0
94029	0	2	0	0	10	3	4	10	0	0	3	0	0	3	0	0	0	144	21	23	18	5	0
9407	0	1	1	0	16	5	17	0	0	133	3	0	0	3	1	0	0	247	14	26	21	10	10
94128	0	1	0	0	5	3	4	7	0	0	3	0	0	3	0	0	0	59	5	4	12	3	0
94130	3	0	0	1	5	1	2	0	0	0	3	0	1	1	0	0	0	1	0	0	0	0	0
94208	1	0	0	2	3	1	1	0	0	0	3	1	1	1	0	0	1	0	0	0	0	0	0
94237	0	1	1	0	28	9	21	0	0	13	3	0	0	3	1	3	0	394	22	30	36	13	1
94328	0	0	0	0	2	6	1	0	0	0	9	0	0	6	0	0	1	0	0	0	0	0	0
945553	0	0	0	1	21	1	2	0	0	0	3	0	5	1	0	0	0	0	0	0	0	0	0
94610	1	0	0	1	3	1	1	0	0	0	3	1	1	1	0	0	3	0	0	0	0	0	0
946122	0	0	0	1	12	1	2	0	0	0	3	0	6	1	0	0	0	0	0	0	0	0	0
946125	0	0	0	3	2	1	1	0	0	0	3	1	0	1	0	0	1	0	0	0	0	0	0
947166	0	0	0	0	8	2	5	3	0	0	4	0	0	4	0	0	0	379	10	11	22	5	0
94827	0	1	1	0	14	5	11	0	0	89	1	0	0	3	0	0	0	187	13	13	12	9	1
9483	0	1	1	0	18	5	20	0	0	219	3	0	0	3	1	0	0	248	16	30	24	11	12
948313	0	0	0	0	1	1	1	0	0	0	3	0	1	1	0	0	0	0	0	0	0	0	0
94885	0	1	0	0	18	5	15	0	0	488	3	0	0	3	1	310	0	311	16	27	52	11	2
9515	0	1	1	0	16	5	16	0	0	458	3	0	0	3	2	0	0	281	15	32	22	11	23
9531	0	1	1	0	17	5	23	0	0	149	3	0	0	3	0	0	0	237	15	32	22	10	10
9541	0	1	1	0	17	5	14	0	0	253	3	0	0	3	0	0	0	258	13	27	22	6	16
9544	0	1	1	0	16	5	11	0	0	238	3	0	0	3	0	0	0	294	16	31	23	10	32
9545	0	1	1	0	17	5	20	0	0	170	3	0	0	3	0	0	0	242	15	30	22	9	7
9555	0	1	1	0	16	5	17	0	0	247	3	0	0	3	0	0	0	262	14	31	21	10	25
9565	0	1	1	0	16	5	23	0	0	390	3	0	0	3	0	0	0	279	15	29	21	10	30
9568	0	1	1	0	16	5	17	0	0	144	3	0	0	3	0	0	0	232	15	31	22	7	11
95742	1	0	0	3	4	1	1	0	0	0	3	1	1	1	0	0	1	0	0	0	0	0	0
9595	0	1	1	0	19	5	14	0	0	325	3	0	0	3	4	0	0	264	16	33	24	10	34
9597	0	1	1	0	17	5	16	0	0	311	3	0	0	3	2	0	0	250	15	33	21	7	35
9598	0	1	1	0	18	5	18	0	0	348	3	0	0	4	1	0	0	289	15	34	23	11	41
9601	0	1	1	0	17	7	18	0	0	235	3	0	0	3	1	0	0	270	16	33	24	12	21
9606	0	1	1	0	16	5	18	0	0	435	3	0	0	3	4	0	0	285	15	33	22	11	28
9615	0	1	1	0	18	6	17	0	0	742	3	0	0	5	5	0	0	282	15	35	24	12	17
9627	0	1	1	0	16	5	15	0	0	822	3	0	0	3	4	0	0	265	15	37	22	11	18
9643	0	2	1	0	20	5	22	0	0	865	3	0	0	3	13	0	0	267	14	33	17	11	16
96440	0	1	1	0	16	7	16	0	0	252	3	0	0	3	2	86	0	322	19	24	26	10	20
9646	0	1	1	0	20	6	24	0	0	734	3	0	0	3	7	0	0	268	13	32	21	9	16
96539	0	1	1	0	14	4	9	0	0	20	1	0	0	3	0	0	0	247	15	15	15	12	4
96644	0	0	0	0	26	3	4	0	150	0	4	0	0	2	0	0	0	225	4	3	14	10	0
9669	0	1	1	0	17	5	19	0	0	1035	3	0	0	3	8	0	0	278	15	34	22	12	20
9678	0	0	1	0	12	4	13	0	0	590	2	0	0	3	10	0	0	231	14	22	20	7	15
96803	0	0	0	0	5	3	5	14	0	0	5	0	0	3	0	0	0	41	1	4	2	7	0
9685	0	1	1	0	16	5	20	0	0	683	3	0	0	3	20	0	0	261	15	35	23	11	13
9689	0	1	1	0	16	5	19	0	0	621	3	0	0	3	14	0	0	272	14	35	21	11	15
9696	0	1	1	0	14	5	14	0	0	769	3	0	0	3	13	0	0	252	14	28	21	9	20
97028	0	0	0	0	1	3	2	0	0	0	13	0	0	5	0	0	0	0	0	0	0	0	0
9708	0	1	1	0	16	5	20	0	0	379	3	0	0	4	2	0	0	271	15	35	19	11	3
97097	0	0	1	0	10	2	4	0	0	27	1	0	0	2	0	0	0	126	10	8	4	6	1
97098	2	0	0	0	12	3	4	0	0	0	3	0	0	2	0	0	0	0	0	0	4	0	0
9713	0	1	1	0	16	6	17	0	0	469	3	0	0	3	2	0	0	283	17	35	22	11	14
97331	1	0	0	3	3	1	1	0	0	0	3	1	0	1	0	0	1	0	0	0	0	0	0
97359	0	0	0	3	16	1	2	0	0	0	4	0	7	1	0	0	0	0	0	0	0	0	0
9739	0	2	1	0	17	5	20	0	0	92	3	0	0	4	0	0	0	263	15	27	22	12	5
9749	0	1	1	0	15	6	17	0	0	111	3	0	0	3	0	0	0	263	15	30	22	11	7
9755	0	1	0	0	20	5	18	0	0	156	3	0	0	4	0	1	0	264	15	27	23	11	8
9770	0	1	1	0	17	5	9	0	0	166	4	0	0	4	1	0	0	218	16	21	17	10	4
9771	0	1	1	0	16	5	20	0	0	209	3	0	0	4	0	0	0	267	15	27	22	11	10
9785	0	1	1	0	15	4	14	0	0	1940	3	0	0	3	26	3	0	263	15	32	27	10	11
979223	0	1	1	0	14	5	11	0	0	27	2	0	0	3	0	0	0	239	15	19	15	10	6
9793	0	1	1	0	18	5	16	0	0	923	3	0	0	3	25	3	0	284	15	37	24	11	23
9796	0	1	1	0	16	4	12	0	0	563	3	0	0	3	8	1	0	281	15	38	25	11	18
979702	10	0	0	0	9	2	2	0	0	0	3	0	0	1	0	0	0	0	0	0	5	0	0
979708	6	0	0	0	8	2	3	0	0	0	3	0	0	1	0	0	0	0	0	0	4	0	0
97972	2	0	0	3	6	1	1	0	0	0	3	1	1	1	0	0	1	0	0	0	0	0	0
979761	4	0	0	0	10	2	2	0	0	0	3	0	0	1	0	0	0	0	0	0	4	0	0
980116	0	0	0	1	27	1	2	0	0	0	4	0	10	1	0	0	0	0	0	0	0	0	0
981085	0	0	0	0	1	1	1	0	0	0	7	0	0	2	0	0	1	0	0	0	0	0	0
98133	0	1	0	0	9	3	6	0	0	22	4	0	0	3	0	0	0	213	13	3	9	9	1
9823	0	2	1	0	18	5	19	0	0	1451	3	0	0	2	18	1	0	310	18	36	27	11	15
983506	0	0	0	0	6	1	1	0	0	0	5	0	3	1	0	0	0	0	0	0	0	0	0
9837	0	1	1	0	17	5	17	0	0	751	4	0	0	3	8	0	0	276	15	35	24	11	15
9838	0	0	1	0	15	6	11	0	0	732	3	0	0	3	1	0	0	256	17	33	20	11	3
983964	1	0	0	1	3	1	1	0	0	0	3	1	1	1	0	0	4	0	0	0	0	0	0
983965	1	0	0	1	3	1	1	0	0	0	3	1	1	1	0	0	4	0	0	0	0	0	0
983966	0	0	0	1	2	1	1	0	0	0	3	1	1	1	0	0	0	0	0	0	0	0	0
983967	0	0	0	1	2	1	1	0	0	0	3	1	1	1	0	0	0	0	0	0	0	0	0
98403	0	0	0	3	3	1	1	0	0	0	3	1	1	1	0	0	4	0	0	0	0	0	0
984485	0	0	0	1	2	1	1	0	0	0	3	1	1	1	0	0	0	0	0	0	0	0	0
984486	0	0	0	1	2	1	1	0	0	0	3	1	1	1	0	0	0	0	0	0	0	0	0
984487	0	0	0	1	2	1	1	0	0	0	3	1	1	1	0	0	0	0	0	0	0	0	0
985895	1	0	0	4	4	1	1	0	0	0	3	1	1	1	0	0	1	0	0	0	0	0	0
986946	1	0	0	2	4	1	1	0	0	0	3	1	1	1	0	0	1	0	0	0	0	0	0
9880	0	1	1	0	16	5	17	0	0	1073	3	0	0	3	12	1	0	284	16	35	22	10	21
988480	0	0	0	0	4	1	1	0	0	0	3	0	0	1	0	0	0	0	0	0	6	0	0
9886	0	1	1	0	16	5	20	0	0	1126	3	0	0	4	22	0	0	294	15	34	23	13	24
98964	0	1	1	0	14	4	9	0	0	32	1	0	0	3	0	0	0	241	14	13	12	11	6
990121	0	0	0	0	5	1	5	0	0	0	3	0	0	2	0	0	0	41	4	2	6	5	0
990650	0	0	0	9	7	1	1	0	0	0	2	0	10	1	0	0	0	0	0	0	0	0	0
99116	1	0	0	2	3	1	1	0	0	0	3	1	1	1	0	0	1	0	0	0	0	0	0
9913	0	1	1	0	18	5	21	0	0	873	3	0	0	5	30	0	0	322	17	41	26	10	18
9915	0	1	1	0	15	5	15	0	0	1011	3	0	0	3	19	0	0	265	15	31	22	12	20
992332	0	1	1	0	26	8	19	0	0	63	3	0	0	3	5	49	1	474	23	52	38	14	5
9925	0	1	1	0	16	13	19	0	0	725	3	0	0	4	4	0	0	268	15	32	20	10	9
9940	0	1	1	0	15	6	17	0	0	594	3	0	0	4	26	0	0	271	16	35	23	9	15
99837	0	1	1	0	17	5	23	0	0	917	3	0	0	3	40	1	0	262	16	34	23	7	15
9986	0	0	1	0	14	6	14	0	0	721	2	0	0	3	87	62	0	257	14	29	27	10	27
99882	0	1	1	0	14	5	9	0	0	25	1	0	0	3	0	0	0	243	13	12	15	13	4
99883	0	1	1	0	26	7	16	0	0	36	3	0	0	4	1	9	0	385	23	33	37	11	0
9994	0	1	1	0	17	5	16	0	0	823	3	0	0	3	19	4	0	277	14	34	24	8	20
9995	0	3	1	0	21	5	20	0	0	1232	4	0	0	3	39	3	0	310	17	34	24	11	5
999810	1	0	0	2	3	1	1	0	0	0	4	1	1	1	0	0	2	0	0	0	0	0	0
9999	0	1	1	0	15	5	19	0	0	667	3	0	0	3	30	3	0	285	13	29	23	11	20
